stock_id,超大单,大单,中单,小单
SH600000,6,9,3,1
SH600004,-3,-8,-6,0
SH600006,1,2,5,1
SH600007,0,-1,-1,0
SH600008,0,0,0,0
SH600009,0,8,6,3
SH600010,-3,-3,-3,0
SH600011,0,-3,0,2
SH600012,4,0,2,1
SH600015,2,-7,-2,0
SH600016,18,4,1,0
SH600017,-5,-12,-1,-1
SH600018,5,-5,5,2
SH600019,-3,-3,-1,0
SH600020,1,-6,-1,-1
SH600021,-1,-5,2,1
SH600022,6,1,1,1
SH600023,4,14,1,0
SH600026,-2,-7,-3,-3
SH600027,1,8,-6,2
SH600028,-1,0,-2,0
SH600029,10,-1,-1,-3
SH600030,2,2,-1,2
SH600031,5,3,0,-1
SH600033,-1,-12,1,1
SH600035,0,3,12,0
SH600036,-2,-1,0,0
SH600037,-2,-6,-5,0
SH600038,0,-7,0,2
SH600039,3,-1,1,0
SH600048,-1,-2,-1,1
SH600051,0,2,3,-2
SH600052,0,3,-8,-4
SH600053,1,-1,7,-2
SH600054,0,1,20,-4
SH600055,2,0,7,2
SH600056,-2,0,0,-3
SH600057,0,-4,-4,-1
SH600058,0,-1,-8,0
SH600059,0,1,-1,5
SH600060,2,0,2,-1
SH600061,2,0,5,0
SH600062,3,12,5,1
SH600063,2,-1,1,3
SH600064,0,-3,0,0
SH600066,6,-3,-1,1
SH600067,1,4,-6,-2
SH600068,-3,-5,-1,0
SH600069,2,-1,-2,0
SH600070,0,4,4,9
SH600071,0,2,1,-2
SH600072,-3,2,1,-1
SH600073,-1,5,5,-2
SH600074,2,-2,7,-2
SH600075,1,-6,3,1
SH600076,3,6,1,1
SH600077,2,2,-2,-3
SH600078,1,0,-3,1
SH600079,-1,-7,0,-1
SH600080,-1,-4,-3,-3
SH600081,0,1,13,1
SH600082,1,-2,5,-1
SH600083,0,-3,0,2
SH600084,-1,-3,1,2
SH600085,-2,-7,2,0
SH600086,5,3,4,1
SH600088,0,-3,-3,-1
SH600089,-1,2,0,0
SH600090,0,-2,1,4
SH600091,1,0,-3,-1
SH600093,0,-1,-5,-5
SH600094,2,-2,-2,1
SH600095,2,-3,2,2
SH600096,1,-3,-1,0
SH600097,0,10,6,-1
SH600098,1,5,-2,1
SH600099,1,4,-7,-1
SH600100,5,-4,-4,0
SH600101,1,11,7,2
SH600103,1,-1,-3,-2
SH600104,5,-2,0,0
SH600105,0,-1,-4,-2
SH600106,0,-1,4,0
SH600107,3,1,1,-2
SH600108,0,-10,9,0
SH600109,4,0,-1,0
SH600110,12,1,0,0
SH600111,0,-6,4,-1
SH600112,-1,-4,-3,-3
SH600113,0,-12,0,1
SH600114,6,-1,-1,-3
SH600115,-9,-4,0,0
SH600116,2,-2,3,0
SH600117,0,-2,-6,1
SH600118,1,-5,-3,0
SH600119,5,-1,1,0
SH600120,1,1,0,-1
SH600121,1,-1,-4,-3
SH600122,3,2,2,0
SH600123,-2,-2,-1,0
SH600125,5,-1,2,1
SH600126,2,1,-1,3
SH600127,1,1,-3,0
SH600128,1,5,-1,4
SH600129,1,0,3,-3
SH600130,1,-2,0,-2
SH600131,0,4,-1,2
SH600132,0,0,0,-1
SH600133,0,4,9,0
SH600135,0,0,0,0
SH600137,0,3,-3,7
SH600138,5,6,2,4
SH600139,1,1,-4,-1
SH600141,4,2,2,1
SH600148,-2,3,1,-1
SH600149,0,0,0,0
SH600150,2,-4,-3,0
SH600152,0,-1,-1,-1
SH600153,1,10,-1,1
SH600155,0,0,0,0
SH600156,0,1,-1,-1
SH600157,-1,-5,-4,-1
SH600159,0,0,0,0
SH600160,0,-3,-3,-1
SH600161,-1,4,4,0
SH600162,-2,4,5,0
SH600163,0,-3,-3,-1
SH600165,1,-3,-1,0
SH600166,2,1,6,2
SH600167,0,-1,5,-4
SH600169,-3,10,-3,-1
SH600170,3,-8,2,-4
SH600171,1,3,7,0
SH600172,0,-9,1,1
SH600175,0,2,7,-2
SH600176,4,1,0,0
SH600177,5,11,2,-1
SH600178,2,1,2,0
SH600179,1,3,3,0
SH600180,0,11,-3,-1
SH600182,0,0,-6,2
SH600183,1,-2,0,0
SH600184,0,-6,-3,0
SH600185,-1,0,2,4
SH600186,-1,2,0,0
SH600187,-4,-8,0,1
SH600188,-2,-5,-4,0
SH600189,-1,2,3,3
SH600190,1,-4,1,1
SH600191,0,10,13,0
SH600192,-1,-1,1,-4
SH600193,0,4,5,-2
SH600195,0,6,6,3
SH600196,-10,-1,2,0
SH600197,0,-2,1,0
SH600198,4,-3,0,2
SH600199,-1,1,0,1
SH600200,1,1,0,1
SH600201,-1,-2,-1,1
SH600202,6,4,0,-1
SH600203,0,1,6,-2
SH600206,3,-5,1,-4
SH600207,0,8,3,-1
SH600208,2,-3,3,1
SH600209,-1,-3,1,0
SH600210,-1,0,0,-4
SH600211,0,-4,-1,-5
SH600212,-1,0,-4,-2
SH600213,0,-1,-1,3
SH600215,3,0,-4,0
SH600216,-1,5,-2,-1
SH600217,3,-1,-2,-3
SH600218,-1,1,5,-2
SH600219,-1,2,0,0
SH600220,1,0,-3,3
SH600221,2,-5,-3,1
SH600222,0,3,-7,1
SH600223,2,3,-3,1
SH600226,4,4,1,0
SH600227,0,1,6,4
SH600229,0,-2,0,-1
SH600230,0,0,0,0
SH600231,3,4,0,2
SH600232,0,2,-2,5
SH600233,0,4,1,0
SH600234,0,-1,-3,2
SH600235,0,5,8,2
SH600236,0,0,-7,2
SH600237,0,-1,5,1
SH600238,0,-1,-1,-9
SH600240,1,0,-2,0
SH600241,0,0,5,1
SH600242,2,1,-1,1
SH600243,-2,5,-1,1
SH600246,0,0,0,0
SH600247,0,-4,-3,-2
SH600248,-1,-5,-1,4
SH600249,2,5,-2,0
SH600250,0,-6,1,2
SH600251,0,-1,8,4
SH600252,3,2,8,2
SH600256,2,-8,2,-1
SH600257,0,4,7,-4
SH600258,1,7,3,0
SH600259,-1,1,3,2
SH600260,-7,-4,-1,1
SH600261,0,7,1,-1
SH600262,2,-2,1,0
SH600266,0,0,0,0
SH600267,1,-5,-9,2
SH600268,1,4,5,-1
SH600269,4,4,5,2
SH600270,-5,0,0,0
SH600271,-6,0,-9,-2
SH600272,0,3,0,3
SH600273,1,10,2,0
SH600275,1,-2,0,0
SH600276,2,-2,-4,1
SH600278,0,2,6,1
SH600279,0,-1,-1,1
SH600280,4,1,4,-2
SH600281,0,-3,-6,-4
SH600282,-1,-6,-1,-3
SH600283,2,4,3,2
SH600284,2,2,10,-3
SH600285,0,1,4,-4
SH600287,0,3,-2,-4
SH600288,0,1,2,0
SH600289,5,4,-4,-2
SH600290,5,0,-4,0
SH600291,1,5,0,-5
SH600292,0,0,18,1
SH600293,0,-6,1,3
SH600295,0,0,1,4
SH600297,0,-3,9,5
SH600298,-1,0,-1,1
SH600299,-1,-2,-4,4
SH600300,0,-2,-9,2
SH600301,0,0,0,-2
SH600302,0,-3,2,-4
SH600303,0,6,5,2
SH600305,0,6,8,5
SH600306,0,2,2,1
SH600307,4,-10,-3,0
SH600308,2,16,4,-1
SH600309,-3,1,-1,0
SH600310,0,0,-5,2
SH600311,1,0,0,6
SH600312,2,-3,-2,0
SH600313,0,6,-2,1
SH600315,-1,-9,-4,1
SH600316,3,2,0,0
SH600317,-4,-9,0,0
SH600319,1,3,6,-3
SH600320,0,-1,2,-2
SH600321,2,-3,2,2
SH600322,0,0,0,0
SH600323,1,-1,0,5
SH600325,-1,-8,-2,0
SH600326,-5,-5,-3,0
SH600327,1,9,7,-6
SH600328,0,1,0,6
SH600329,4,1,1,-1
SH600330,0,-1,2,-2
SH600331,-1,11,-2,1
SH600332,1,2,0,-2
SH600333,1,-1,0,-1
SH600335,1,4,-2,2
SH600336,0,-1,3,1
SH600337,0,-3,-1,1
SH600338,3,4,-2,-2
SH600339,0,-1,2,4
SH600340,0,0,0,0
SH600343,0,10,0,-1
SH600345,0,0,-4,-5
SH600346,-1,-12,-3,1
SH600348,4,-6,-1,0
SH600350,1,-9,-5,0
SH600351,0,3,13,-3
SH600352,-1,13,-2,-1
SH600353,3,-2,-1,-1
SH600354,0,3,1,5
SH600355,1,4,2,0
SH600356,0,2,-3,-2
SH600359,0,0,0,1
SH600360,-1,1,3,0
SH600361,1,1,3,-2
SH600362,4,0,1,0
SH600363,-5,6,0,0
SH600365,0,-3,-5,-1
SH600366,0,0,2,-3
SH600367,1,2,-5,3
SH600368,-2,-7,-1,1
SH600369,2,11,3,-1
SH600370,1,7,8,-3
SH600371,0,2,7,2
SH600372,3,0,3,-1
SH600373,1,5,5,-1
SH600376,0,0,0,0
SH600377,1,-2,5,-7
SH600378,0,6,3,4
SH600379,2,7,3,-1
SH600380,0,-2,-6,-1
SH600381,0,-3,-2,2
SH600382,3,2,2,-2
SH600383,1,4,-1,-1
SH600385,0,-2,5,-2
SH600386,0,5,-4,-4
SH600389,0,-1,8,6
SH600390,0,2,-1,0
SH600391,1,-2,2,2
SH600392,-3,-2,-2,0
SH600393,2,5,2,4
SH600395,1,7,1,0
SH600396,0,-3,-9,1
SH600397,2,7,-6,2
SH600398,1,1,9,0
SH600399,0,2,-3,0
SH600401,1,3,-5,0
SH600403,0,4,-1,-6
SH600405,1,-4,-3,1
SH600408,0,2,3,-2
SH600409,0,-9,1,1
SH600410,0,-3,3,-3
SH600415,-7,0,0,0
SH600416,-1,3,7,0
SH600418,0,-2,-2,-1
SH600419,0,-3,-1,-5
SH600420,2,3,4,0
SH600421,0,2,2,1
SH600422,0,5,4,8
SH600423,0,2,3,-2
SH600425,5,3,3,0
SH600426,8,2,0,1
SH600428,0,3,0,0
SH600429,0,-4,-12,3
SH600432,0,3,7,-2
SH600433,-2,-4,-1,-2
SH600435,-2,0,-1,0
SH600436,0,-4,-1,0
SH600438,2,4,3,0
SH600439,1,13,3,0
SH600444,0,0,1,0
SH600446,2,6,-2,-1
SH600448,0,3,6,4
SH600449,0,-4,0,1
SH600452,1,3,-2,-8
SH600455,0,-1,0,3
SH600456,3,1,5,-2
SH600458,2,0,-4,1
SH600459,2,6,5,-2
SH600460,0,2,2,-3
SH600461,1,0,-5,-3
SH600463,0,0,0,0
SH600466,4,-7,1,-1
SH600467,-1,4,6,2
SH600468,2,8,2,-1
SH600470,0,4,-1,-2
SH600475,0,4,-2,1
SH600476,0,1,-1,-3
SH600477,3,-1,-4,1
SH600478,1,5,0,-1
SH600479,0,0,7,0
SH600480,0,0,0,0
SH600482,2,0,0,0
SH600483,0,3,7,3
SH600486,0,0,-5,-1
SH600487,-11,0,-2,0
SH600488,0,5,1,1
SH600489,5,-3,-3,0
SH600491,4,1,6,-2
SH600493,1,3,12,5
SH600495,1,-3,0,1
SH600496,-1,1,1,4
SH600497,-1,0,-1,-1
SH600498,2,2,4,-1
SH600499,-1,-4,2,2
SH600500,5,3,6,-1
SH600501,3,9,5,2
SH600502,2,4,0,1
SH600503,2,11,0,0
SH600505,1,6,2,0
SH600506,0,3,3,-1
SH600507,5,5,1,2
SH600508,1,4,4,2
SH600509,3,-7,-4,-1
SH600510,1,4,1,-1
SH600511,4,0,2,3
SH600512,0,3,11,5
SH600513,0,4,-4,1
SH600515,0,6,2,1
SH600516,0,-4,-6,1
SH600517,2,5,-5,-1
SH600518,-7,0,3,-1
SH600519,-9,-1,-2,1
SH600520,0,0,0,-1
SH600521,2,5,1,3
SH600522,3,-5,4,1
SH600523,0,0,-9,-2
SH600525,2,0,3,0
SH600526,0,-3,3,-1
SH600527,0,0,-5,0
SH600528,-1,2,0,0
SH600529,0,-4,0,3
SH600530,0,2,8,5
SH600531,0,7,-3,-3
SH600532,1,4,0,4
SH600533,1,-2,-2,-2
SH600535,3,3,-1,2
SH600536,1,4,10,2
SH600537,3,7,0,-1
SH600538,0,7,-1,1
SH600539,0,3,-4,0
SH600540,3,2,5,1
SH600543,0,-5,-1,4
SH600545,-5,2,1,1
SH600546,0,5,1,1
SH600547,4,2,0,1
SH600548,-1,0,2,2
SH600549,1,-11,1,0
SH600550,0,0,0,0
SH600552,1,0,-2,0
SH600555,0,-1,1,-5
SH600557,0,11,11,1
SH600558,1,-2,7,1
SH600560,-1,9,2,3
SH600561,3,2,-2,2
SH600562,0,3,4,-2
SH600563,1,3,1,0
SH600565,1,12,0,-2
SH600566,0,-5,-5,-1
SH600567,5,9,3,0
SH600568,-1,-7,-1,2
SH600569,2,-4,3,-4
SH600570,3,8,0,0
SH600571,0,-1,1,-1
SH600572,0,-3,0,-2
SH600573,0,-3,-6,-2
SH600575,2,4,0,-3
SH600576,-1,-13,0,1
SH600577,9,5,-2,1
SH600578,1,4,-3,1
SH600579,-4,-3,1,-1
SH600580,0,4,11,2
SH600581,0,2,2,-3
SH600582,-1,-8,2,0
SH600583,0,4,2,1
SH600584,-7,-8,0,0
SH600585,-1,2,-2,0
SH600586,-1,-8,-2,2
SH600587,2,2,-1,0
SH600588,0,2,1,2
SH600589,-1,2,-2,-4
SH600592,-1,-3,-3,0
SH600593,0,6,12,1
SH600594,3,11,1,-2
SH600595,0,-1,3,-3
SH600597,0,4,1,2
SH600598,3,8,-2,-2
SH600599,0,3,5,5
SH600600,-2,-4,-1,-2
SH600601,-1,4,5,1
SH600603,-2,-1,7,1
SH600604,0,4,1,2
SH600605,0,-1,0,-2
SH600606,4,7,0,0
SH600608,1,-2,5,3
SH600610,-1,-4,-4,-2
SH600611,0,7,17,1
SH600612,0,3,3,0
SH600613,0,2,3,4
SH600614,1,-7,2,1
SH600615,0,4,15,8
SH600616,0,-4,-6,1
SH600617,0,1,9,7
SH600618,0,-1,5,3
SH600619,0,-1,-1,1
SH600620,1,0,3,7
SH600621,1,6,2,-2
SH600622,1,1,6,1
SH600623,0,2,-4,-1
SH600624,0,4,-11,0
SH600626,2,-2,-3,-4
SH600628,0,3,6,-2
SH600629,1,1,7,-2
SH600630,0,0,4,1
SH600633,-2,-2,0,3
SH600634,-1,-4,0,2
SH600635,2,7,2,0
SH600637,4,5,12,0
SH600638,0,-2,-10,3
SH600639,0,-1,-1,1
SH600640,1,5,3,-2
SH600641,0,-5,3,1
SH600642,2,-3,-5,1
SH600643,5,-2,-4,-2
SH600644,1,4,-5,1
SH600647,0,3,6,-4
SH600648,1,3,-2,5
SH600649,0,0,0,0
SH600650,0,1,4,-2
SH600651,2,0,3,-2
SH600652,3,6,2,0
SH600653,0,-2,0,3
SH600658,3,-3,-5,2
SH600660,0,-1,-3,1
SH600661,0,6,7,-4
SH600662,1,3,0,-1
SH600663,-1,4,0,-2
SH600664,4,-4,3,0
SH600665,0,-5,-4,2
SH600666,1,-8,-2,0
SH600667,0,-7,-10,-4
SH600668,0,2,1,4
SH600674,-1,-8,-3,5
SH600675,0,2,5,0
SH600676,0,10,2,-1
SH600677,0,-3,-3,3
SH600678,-1,-2,-4,2
SH600679,0,-10,-2,-1
SH600680,0,0,0,0
SH600682,1,-1,8,-1
SH600683,3,1,0,0
SH600684,0,-5,-2,-2
SH600685,6,-4,-5,0
SH600686,4,-3,-4,4
SH600687,-1,-6,-8,0
SH600688,1,-5,-1,0
SH600689,0,2,-7,2
SH600690,-9,-7,1,0
SH600691,2,3,-2,2
SH600692,1,1,-2,1
SH600693,-2,0,-4,1
SH600694,-1,4,3,1
SH600695,-1,-4,-6,-6
SH600696,-2,-8,-5,0
SH600697,0,1,0,4
SH600698,-2,4,1,0
SH600699,6,-2,1,0
SH600701,3,8,-1,-1
SH600702,-3,-4,-1,-3
SH600703,-2,3,0,0
SH600704,2,3,5,-1
SH600705,0,-8,-2,-1
SH600706,0,-7,-5,-1
SH600707,1,4,-4,-4
SH600708,2,3,7,1
SH600711,-3,9,-2,-1
SH600712,0,-1,-6,5
SH600713,0,3,4,0
SH600714,0,6,-2,-1
SH600715,0,-2,-1,1
SH600716,3,0,2,0
SH600717,0,0,0,0
SH600718,4,4,3,0
SH600719,1,9,-1,-2
SH600720,-3,-8,2,0
SH600721,0,-2,8,5
SH600722,0,0,0,0
SH600723,0,6,2,-5
SH600724,0,0,-1,-4
SH600726,0,3,0,0
SH600727,0,4,15,-2
SH600728,0,4,4,-1
SH600729,0,7,9,1
SH600730,1,9,-2,-1
SH600731,0,4,1,-1
SH600736,0,-7,-9,-1
SH600737,-1,-3,-2,1
SH600738,0,-2,8,5
SH600739,0,-3,4,2
SH600740,-1,-3,-4,-3
SH600741,-7,-4,1,1
SH600742,1,0,5,-1
SH600743,0,0,0,0
SH600744,-2,-2,0,1
SH600745,0,1,-4,6
SH600746,1,0,-3,-4
SH600748,0,-1,6,-4
SH600749,0,-3,11,1
SH600750,-2,-7,-3,-1
SH600751,6,4,-5,0
SH600753,0,2,0,8
SH600754,2,10,5,0
SH600755,3,4,0,0
SH600756,0,4,3,2
SH600757,0,0,4,-1
SH600758,1,2,4,0
SH600759,0,0,1,4
SH600760,-4,-3,1,-1
SH600761,6,11,1,1
SH600763,2,4,-4,-1
SH600764,3,7,0,1
SH600765,5,-1,1,-2
SH600766,-1,-3,3,4
SH600767,0,-3,4,4
SH600768,0,6,-1,6
SH600769,0,3,6,7
SH600770,1,3,2,3
SH600771,1,4,-2,2
SH600773,-5,-3,-1,0
SH600774,1,6,4,3
SH600775,0,-1,0,5
SH600776,0,4,3,0
SH600777,0,-3,-2,0
SH600778,0,2,1,-3
SH600779,4,1,3,-1
SH600780,0,-1,-6,-4
SH600781,0,8,2,1
SH600782,6,-2,5,0
SH600783,-2,2,3,2
SH600784,0,2,-1,-2
SH600785,0,1,-4,3
SH600787,0,0,0,0
SH600789,0,2,1,4
SH600790,10,-1,-1,1
SH600791,0,0,0,0
SH600792,0,3,-7,-3
SH600793,0,0,-7,0
SH600794,0,0,-2,1
SH600795,-5,0,4,0
SH600796,1,6,6,-6
SH600797,-3,1,1,0
SH600798,-3,-1,2,-1
SH600800,3,5,-3,0
SH600801,7,-1,0,-1
SH600802,1,-2,4,0
SH600803,5,-7,1,0
SH600804,1,-5,-10,-1
SH600805,0,0,3,0
SH600806,0,-1,4,2
SH600808,8,3,1,1
SH600809,0,3,1,3
SH600810,0,3,-5,5
SH600811,0,3,9,1
SH600812,1,-8,-3,-1
SH600814,0,-5,0,-2
SH600815,0,-3,-1,1
SH600816,5,6,0,0
SH600817,-1,1,-3,-8
SH600818,1,2,0,-2
SH600819,0,5,4,2
SH600820,6,-2,-1,2
SH600821,3,4,-3,-1
SH600822,0,2,-2,7
SH600823,3,9,2,1
SH600824,0,3,-1,-1
SH600825,0,3,13,7
SH600826,0,2,1,4
SH600827,4,4,0,-1
SH600828,1,2,4,-4
SH600829,0,5,5,1
SH600830,0,-1,0,-2
SH600831,1,2,5,-3
SH600833,6,11,3,-1
SH600835,-1,2,0,-2
SH600836,0,7,1,-1
SH600837,3,7,0,1
SH600838,-1,-6,4,2
SH600839,-4,-4,-3,4
SH600841,0,-1,5,3
SH600843,0,-1,-8,2
SH600844,-1,-1,-2,-5
SH600845,0,6,5,10
SH600846,1,8,6,0
SH600847,0,8,3,2
SH600848,3,-5,1,2
SH600850,0,0,-11,0
SH600851,2,-6,3,0
SH600853,6,1,0,-2
SH600854,-1,1,0,3
SH600856,0,2,-3,2
SH600857,0,5,10,4
SH600858,0,-1,-6,0
SH600860,0,3,3,0
SH600861,0,5,1,3
SH600862,0,-5,-6,2
SH600863,1,-11,2,-1
SH600864,0,-2,11,4
SH600865,0,-3,-1,3
SH600866,0,-3,4,5
SH600867,1,14,7,-1
SH600868,1,-5,1,0
SH600869,0,-2,1,2
SH600870,0,6,-1,1
SH600871,0,-1,2,-4
SH600872,3,10,0,2
SH600873,-3,-1,-4,-1
SH600874,0,0,0,0
SH600875,-1,-4,-4,0
SH600876,0,-2,0,1
SH600877,-1,-6,-1,-1
SH600879,1,2,-2,0
SH600880,-1,0,-3,3
SH600881,0,0,1,0
SH600882,0,1,0,-5
SH600883,1,-1,-3,8
SH600884,-2,0,4,1
SH600885,-5,-3,-2,-1
SH600886,-4,-6,3,0
SH600887,-10,-5,1,1
SH600888,1,-2,4,4
SH600889,0,-3,6,0
SH600891,0,3,-10,-2
SH600892,0,5,0,0
SH600893,-2,5,-2,0
SH600894,-1,6,4,0
SH600895,0,-3,7,-1
SH600896,0,-2,-4,-1
SH600897,1,2,3,1
SH600898,0,1,7,3
SH600900,-11,-3,2,-1
SH600908,4,3,-1,-1
SH600909,5,0,0,0
SH600917,0,-1,-9,-1
SH600919,2,8,1,0
SH600926,7,-2,1,-1
SH600936,1,4,-2,2
SH600939,0,-8,-4,-3
SH600958,2,2,10,3
SH600959,-1,4,-1,-3
SH600960,0,-3,8,8
SH600961,0,2,-9,0
SH600962,0,-3,-6,4
SH600963,-1,0,-6,0
SH600965,0,-7,-2,0
SH600966,2,2,0,-1
SH600967,3,-2,-1,1
SH600969,-2,5,5,1
SH600970,8,0,0,1
SH600971,-2,-2,0,-1
SH600973,2,14,-2,1
SH600975,0,2,9,6
SH600976,0,1,10,8
SH600977,-3,1,-3,0
SH600978,1,3,-2,3
SH600980,0,5,-2,-4
SH600981,0,0,-1,-4
SH600982,1,2,6,2
SH600983,0,1,-2,-2
SH600984,1,-7,-1,2
SH600985,2,-1,0,0
SH600986,-1,-2,0,4
SH600987,2,0,2,1
SH600988,1,3,-4,-1
SH600990,1,8,2,-2
SH600992,0,3,-1,-3
SH600993,0,3,-5,1
SH600995,3,1,2,-1
SH600996,2,7,7,1
SH600997,0,0,0,0
SH600998,0,2,3,2
SH600999,3,2,1,-1
SH601000,0,0,0,0
SH601001,4,-6,-4,-1
SH601002,-5,-4,2,-2
SH601003,3,-2,0,0
SH601006,3,0,-4,0
SH601007,-2,-1,-1,-1
SH601008,-4,-3,2,0
SH601009,2,7,-1,-1
SH601010,0,-2,10,3
SH601011,0,5,-4,-2
SH601012,4,6,-2,-1
SH601015,0,-2,-1,-2
SH601016,1,1,4,1
SH601018,-6,-7,-5,-1
SH601020,-1,0,-1,3
SH601021,-5,-2,-2,-4
SH601028,1,1,-3,2
SH601038,0,6,8,1
SH601058,0,1,-7,-1
SH601069,0,-4,-1,0
SH601088,-3,6,3,-1
SH601098,-1,3,5,0
SH601099,6,-2,2,1
SH601100,1,0,2,-2
SH601101,1,5,-12,1
SH601106,3,-1,2,-1
SH601107,4,7,-4,0
SH601111,-3,6,-1,-1
SH601116,2,-1,-2,0
SH601117,9,-2,0,2
SH601118,2,-4,-2,-1
SH601126,0,0,0,0
SH601127,-1,4,3,1
SH601128,2,2,2,-1
SH601137,0,2,-1,2
SH601139,0,-1,-10,-7
SH601155,0,8,-7,2
SH601158,1,-3,-7,0
SH601163,1,5,-10,3
SH601166,1,-4,-2,0
SH601169,7,0,0,0
SH601177,2,7,5,-1
SH601179,2,-3,-2,0
SH601186,5,-1,0,-1
SH601188,0,-2,5,-2
SH601198,-2,4,-1,-2
SH601199,3,3,2,-3
SH601200,0,0,0,0
SH601208,0,5,4,0
SH601211,4,-4,1,0
SH601212,-2,-3,4,0
SH601216,2,0,-3,-2
SH601218,0,2,12,-3
SH601222,0,-2,3,6
SH601225,-6,-18,-4,-1
SH601226,0,0,5,-4
SH601228,0,0,0,0
SH601229,5,3,1,0
SH601231,-1,1,0,5
SH601233,1,6,2,0
SH601238,-2,-3,-2,6
SH601258,0,0,0,0
SH601288,-7,1,-2,1
SH601311,7,0,0,0
SH601313,2,-2,-9,-2
SH601318,-5,3,1,0
SH601328,1,9,1,0
SH601333,1,-10,-2,-2
SH601336,-5,-11,1,0
SH601339,0,3,2,3
SH601368,0,8,8,3
SH601369,0,4,2,3
SH601375,4,0,-1,0
SH601377,0,-1,0,0
SH601388,4,4,0,3
SH601390,2,1,0,0
SH601398,-5,-5,-2,-1
SH601500,2,4,4,3
SH601515,0,0,0,1
SH601518,0,-5,-3,1
SH601519,-1,-7,6,-1
SH601555,3,7,2,-1
SH601558,3,-8,2,0
SH601566,0,-7,-3,-6
SH601567,0,0,0,3
SH601579,0,2,-1,0
SH601588,1,7,2,1
SH601595,0,-4,-9,-2
SH601599,2,2,-5,0
SH601600,-5,-2,4,0
SH601601,1,2,-3,1
SH601607,-2,0,0,1
SH601608,-1,0,0,2
SH601611,0,2,-2,-1
SH601616,0,3,4,6
SH601618,3,-2,0,0
SH601628,0,0,0,1
SH601633,0,0,0,0
SH601636,6,2,2,1
SH601666,21,6,2,0
SH601668,-7,-1,-1,0
SH601669,-1,-1,0,-1
SH601677,0,3,-2,-4
SH601678,2,4,3,0
SH601688,5,4,0,0
SH601689,10,2,-1,2
SH601699,1,-1,-1,0
SH601717,0,-5,-6,0
SH601718,-2,3,-5,-1
SH601766,-3,0,0,0
SH601777,1,11,1,0
SH601788,7,7,-4,1
SH601798,0,3,-3,-4
SH601799,0,0,12,-1
SH601800,0,-5,0,0
SH601801,0,13,5,1
SH601808,0,3,6,2
SH601811,0,3,-11,1
SH601818,-5,-9,-7,-2
SH601857,8,2,-4,1
SH601858,-1,6,-2,4
SH601866,-1,0,0,0
SH601872,-8,8,0,-1
SH601877,1,3,4,3
SH601880,-4,3,-6,0
SH601881,1,2,2,0
SH601882,-1,-1,7,2
SH601886,0,0,0,0
SH601888,1,-5,-15,0
SH601890,-2,-7,0,0
SH601898,1,-4,1,1
SH601899,1,6,2,0
SH601900,1,6,14,-2
SH601901,9,2,-3,1
SH601908,1,-2,-2,2
SH601918,1,-6,-1,-1
SH601919,-1,-6,1,-1
SH601928,0,4,-1,6
SH601929,0,-2,-12,-3
SH601933,1,5,-2,1
SH601939,1,-6,-2,0
SH601958,1,6,0,0
SH601965,0,-3,-3,3
SH601966,0,3,6,2
SH601968,0,3,1,3
SH601969,0,0,0,5
SH601985,2,3,-2,0
SH601988,10,5,4,0
SH601989,0,-4,1,2
SH601991,4,6,2,-1
SH601992,0,0,0,0
SH601996,-1,-7,0,-1
SH601997,-6,1,3,1
SH601998,3,-3,-3,0
SH601999,0,2,8,-7
SH603000,0,1,0,0
SH603001,2,3,0,-2
SH603002,0,-1,0,-4
SH603003,0,2,4,5
SH603005,2,-1,11,-1
SH603006,4,-5,-5,1
SH603007,1,2,0,-2
SH603008,-1,13,11,2
SH603009,0,2,-5,0
SH603011,1,-3,-3,0
SH603012,0,2,3,0
SH603015,0,-1,-10,-3
SH603016,0,2,-3,7
SH603017,0,1,-4,-2
SH603018,1,2,5,-1
SH603019,2,1,0,0
SH603020,0,-2,-1,-4
SH603021,0,-1,0,2
SH603022,0,-2,-1,0
SH603023,1,2,-4,-2
SH603025,0,-1,0,-2
SH603026,2,-3,3,1
SH603027,0,5,1,-1
SH603028,0,8,2,1
SH603029,0,8,0,1
SH603030,-1,-3,-2,3
SH603031,0,6,0,-5
SH603032,-1,4,0,-1
SH603033,2,1,4,0
SH603035,-2,-4,4,-1
SH603036,4,4,0,1
SH603037,1,0,7,-3
SH603038,0,-2,-4,-3
SH603039,0,-2,-1,0
SH603040,5,-5,-1,0
SH603041,0,0,0,0
SH603058,0,1,6,4
SH603060,2,5,0,0
SH603066,0,3,0,0
SH603067,1,1,-6,3
SH603069,0,-1,-6,4
SH603077,1,-1,-3,-2
SH603085,0,0,-2,1
SH603088,0,-5,-7,-3
SH603089,4,5,-2,-4
SH603090,0,6,1,2
SH603098,0,0,0,0
SH603099,1,3,7,2
SH603100,0,0,2,-1
SH603101,0,3,3,-5
SH603116,0,-1,-1,4
SH603117,0,4,2,0
SH603118,2,0,-7,-6
SH603123,0,-3,-1,7
SH603126,-1,5,-1,0
SH603128,0,-1,-2,2
SH603131,1,12,2,-1
SH603133,0,0,0,0
SH603138,1,1,1,0
SH603158,5,-8,-6,-2
SH603159,0,-1,-1,1
SH603160,0,3,3,3
SH603165,0,2,8,1
SH603166,1,5,1,0
SH603167,3,0,-1,-1
SH603168,0,-1,4,9
SH603169,-4,-1,0,0
SH603178,0,0,0,0
SH603179,5,2,1,1
SH603186,1,5,5,2
SH603188,1,-6,-4,-2
SH603189,0,-2,-10,5
SH603198,0,-2,14,3
SH603199,0,3,-6,2
SH603203,2,3,-4,-4
SH603208,0,1,3,-1
SH603218,2,3,5,-1
SH603222,0,-1,-1,1
SH603223,0,4,10,-1
SH603228,1,-1,0,3
SH603238,2,4,4,-1
SH603239,-2,-8,-3,-1
SH603258,0,3,4,-4
SH603266,0,-2,-3,-6
SH603288,1,-1,-1,4
SH603298,3,0,7,-1
SH603299,0,10,-3,-2
SH603300,1,3,1,2
SH603303,0,0,0,0
SH603306,0,6,8,-1
SH603308,-4,0,6,3
SH603309,0,1,3,3
SH603311,0,0,5,4
SH603313,0,8,-2,1
SH603315,-2,0,-2,-1
SH603318,0,0,2,3
SH603319,0,6,2,-1
SH603322,1,-7,-3,0
SH603323,1,3,3,2
SH603328,-2,0,-3,2
SH603330,0,0,0,0
SH603333,0,-3,-4,-2
SH603336,0,4,-4,-1
SH603337,1,6,-2,-2
SH603338,0,-2,-7,-2
SH603339,-2,-5,-3,-3
SH603355,0,-8,-2,-1
SH603358,1,-2,1,1
SH603360,-2,-4,4,-1
SH603366,-1,1,0,5
SH603368,0,-2,0,1
SH603369,0,-1,9,1
SH603377,4,-2,-5,-2
SH603385,0,0,0,0
SH603388,0,0,0,0
SH603389,1,-1,2,1
SH603393,0,2,-8,-1
SH603399,-3,1,-1,0
SH603416,0,6,-1,-1
SH603421,0,-1,-5,1
SH603429,2,2,8,2
SH603444,2,4,-3,0
SH603456,1,-1,0,1
SH603508,-1,1,3,4
SH603515,0,0,0,1
SH603517,-3,4,3,1
SH603518,4,5,-3,-3
SH603519,0,0,-3,-3
SH603520,0,5,8,2
SH603528,-2,4,1,-4
SH603556,1,1,-1,0
SH603558,-1,-3,-3,-2
SH603566,-1,5,8,1
SH603567,0,6,5,0
SH603568,0,9,14,-2
SH603569,0,0,0,0
SH603577,2,8,0,-1
SH603578,-4,3,-4,0
SH603579,5,4,1,-1
SH603585,0,6,-2,-1
SH603588,1,4,0,0
SH603589,1,6,3,1
SH603598,0,-1,1,1
SH603599,0,4,-2,7
SH603600,-1,-4,-1,3
SH603601,0,2,9,2
SH603603,0,0,0,0
SH603606,6,-1,-6,-3
SH603609,0,4,3,4
SH603611,0,0,7,0
SH603615,3,9,3,-2
SH603616,0,0,0,0
SH603618,0,2,-3,0
SH603626,4,-1,0,0
SH603628,-1,-3,-2,-3
SH603630,4,3,-1,-1
SH603633,0,-2,-5,2
SH603636,10,12,0,1
SH603637,1,1,5,-2
SH603638,0,9,2,-2
SH603639,0,2,1,2
SH603656,-4,-1,0,0
SH603658,0,1,4,2
SH603660,0,-5,4,-1
SH603663,0,1,3,3
SH603665,1,-4,5,-3
SH603667,1,2,-4,-2
SH603668,0,1,-2,-2
SH603669,0,-1,3,-3
SH603677,2,-2,-4,3
SH603678,0,1,1,-9
SH603686,1,5,-7,-2
SH603688,0,7,5,-1
SH603689,0,-6,-2,1
SH603690,-1,2,-2,-2
SH603696,1,1,-4,-1
SH603698,2,2,6,-3
SH603699,-1,0,4,-2
SH603701,0,5,11,5
SH603703,-1,6,-10,2
SH603708,0,-1,-7,-1
SH603716,0,1,-3,1
SH603717,0,0,0,0
SH603718,1,6,2,0
SH603726,0,3,8,-4
SH603727,0,-3,2,2
SH603729,-1,2,-1,6
SH603737,0,2,0,-1
SH603738,0,4,2,-3
SH603766,-1,-1,-1,4
SH603768,3,1,1,2
SH603777,1,-4,-3,1
SH603778,0,0,0,0
SH603779,-1,4,-2,-2
SH603788,0,5,5,7
SH603789,0,0,8,3
SH603798,0,-1,1,1
SH603799,11,3,2,-1
SH603800,3,3,-1,0
SH603806,1,-1,3,4
SH603808,1,2,16,2
SH603811,2,10,-2,1
SH603816,0,-1,3,-1
SH603817,0,-4,-5,0
SH603818,1,6,-7,-3
SH603819,1,4,3,3
SH603822,0,0,0,0
SH603823,-1,-2,3,1
SH603828,1,7,-2,-1
SH603833,0,0,0,0
SH603838,3,0,-4,2
SH603839,2,-2,4,1
SH603843,-1,-6,-4,2
SH603858,0,4,4,1
SH603859,2,7,4,0
SH603861,0,4,8,1
SH603866,-1,-4,-9,1
SH603868,-1,11,8,1
SH603869,2,4,-9,-4
SH603877,0,-1,-5,-1
SH603878,2,4,0,1
SH603881,0,1,3,-1
SH603883,-1,-3,-2,-3
SH603885,0,0,12,-3
SH603886,2,-3,-5,-1
SH603887,0,1,5,-3
SH603888,12,0,-1,0
SH603889,1,4,-8,0
SH603898,0,4,-5,0
SH603899,0,4,-8,-5
SH603900,1,2,0,0
SH603901,-1,-1,-3,0
SH603903,0,0,0,0
SH603908,0,-1,-3,1
SH603909,0,4,-4,-5
SH603918,1,8,-4,4
SH603919,0,1,1,-9
SH603928,0,2,1,-2
SH603929,1,7,-2,-1
SH603936,0,-1,7,-1
SH603939,0,0,2,-3
SH603955,-2,-1,8,0
SH603958,3,7,6,-3
SH603959,0,4,1,0
SH603960,1,4,-1,1
SH603966,1,5,5,0
SH603968,0,7,-6,1
SH603969,0,0,0,0
SH603977,0,7,0,2
SH603979,5,11,4,3
SH603986,-1,-4,6,2
SH603987,0,2,-4,-1
SH603988,0,2,1,0
SH603989,1,2,-3,1
SH603990,0,2,0,-3
SH603991,2,5,0,0
SH603993,0,0,0,0
SH603996,0,2,0,1
SH603997,-7,-11,-1,0
SH603998,1,3,1,-4
SH603999,0,5,-2,4
SZ000001,3,1,-4,-2
SZ000002,19,0,1,0
SZ000005,0,-1,3,0
SZ000006,1,14,3,0
SZ000008,0,2,0,2
SZ000009,2,-3,-2,-3
SZ000010,-1,8,2,-1
SZ000011,-1,-3,6,0
SZ000012,-1,2,-2,-3
SZ000014,0,4,-1,1
SZ000016,1,-5,-8,0
SZ000017,0,-2,3,-3
SZ000018,-2,1,-4,0
SZ000019,-2,-2,-1,1
SZ000020,2,1,-2,-5
SZ000021,0,-2,5,-1
SZ000022,1,2,5,0
SZ000023,0,1,4,-1
SZ000025,0,1,-3,-2
SZ000026,-2,3,-4,-1
SZ000027,1,10,-3,2
SZ000028,0,-2,6,2
SZ000030,0,1,-3,-2
SZ000031,1,2,0,1
SZ000035,0,9,-1,2
SZ000036,1,0,-1,-6
SZ000037,0,-5,-1,-3
SZ000038,0,4,8,2
SZ000039,1,7,6,0
SZ000040,3,5,-2,0
SZ000043,2,7,0,1
SZ000045,2,0,-3,-1
SZ000046,0,4,-5,-1
SZ000048,0,1,5,2
SZ000049,-4,3,0,0
SZ000050,4,6,-2,0
SZ000055,2,10,1,1
SZ000056,0,-1,2,-4
SZ000058,0,2,0,0
SZ000059,4,-1,2,0
SZ000060,7,6,2,1
SZ000061,0,1,-17,0
SZ000062,1,2,-2,0
SZ000063,4,-9,1,0
SZ000065,7,6,3,0
SZ000066,1,-2,2,1
SZ000068,0,2,2,4
SZ000069,0,4,-2,2
SZ000070,0,2,0,-2
SZ000078,0,5,3,2
SZ000088,1,-5,3,1
SZ000089,-1,3,3,1
SZ000090,1,5,4,-4
SZ000096,0,-2,3,-3
SZ000099,0,0,3,-1
SZ000100,0,0,-1,-1
SZ000150,0,1,5,-2
SZ000151,-4,4,0,0
SZ000156,0,0,-3,5
SZ000157,10,6,4,0
SZ000158,0,0,0,0
SZ000159,-3,-6,3,2
SZ000166,-2,6,-3,-1
SZ000333,2,-1,1,0
SZ000338,5,1,-2,0
SZ000400,5,-3,2,0
SZ000401,0,0,0,0
SZ000402,3,3,-2,0
SZ000403,0,-5,-3,-2
SZ000404,0,14,4,0
SZ000407,0,7,1,0
SZ000408,-1,0,-1,3
SZ000409,0,-2,6,2
SZ000410,0,1,1,0
SZ000411,0,1,-3,2
SZ000413,0,0,-1,-1
SZ000415,4,3,8,1
SZ000416,0,-1,-9,-4
SZ000417,-1,-6,-4,-1
SZ000418,0,-5,3,0
SZ000419,0,-1,-5,-2
SZ000420,-5,-7,7,1
SZ000421,0,-3,-8,-1
SZ000422,-2,8,-3,-1
SZ000423,-1,3,2,0
SZ000425,-1,-5,-4,-2
SZ000426,0,0,1,3
SZ000428,0,11,4,1
SZ000429,-1,-5,0,-4
SZ000430,0,5,9,4
SZ000488,-3,-4,-2,-1
SZ000498,0,1,-1,0
SZ000501,0,-1,3,2
SZ000502,0,7,3,-2
SZ000503,1,-6,-4,-1
SZ000504,0,1,-3,-3
SZ000505,2,4,3,0
SZ000506,1,1,-4,0
SZ000507,-2,-1,0,0
SZ000509,-1,-3,-5,-5
SZ000510,-1,-3,-8,2
SZ000511,0,-8,-5,1
SZ000513,5,9,4,0
SZ000514,-1,-4,1,0
SZ000517,0,-5,-2,3
SZ000518,0,0,5,-1
SZ000519,3,2,-1,0
SZ000520,-1,10,3,2
SZ000521,0,4,7,-3
SZ000523,0,2,1,-5
SZ000524,0,-6,1,1
SZ000525,2,0,-3,-3
SZ000528,-1,5,5,-1
SZ000529,0,-1,2,1
SZ000530,1,-2,0,1
SZ000531,-1,1,1,7
SZ000532,0,7,0,1
SZ000533,1,-2,1,0
SZ000536,0,4,2,-2
SZ000537,-1,-1,4,0
SZ000538,11,7,0,0
SZ000539,-3,-6,0,-3
SZ000540,-1,6,-1,0
SZ000541,-1,-7,1,-3
SZ000543,0,-3,-4,3
SZ000544,1,0,0,-1
SZ000545,-1,-9,-4,3
SZ000546,-2,-3,1,0
SZ000547,0,1,-5,2
SZ000548,1,-6,-2,-3
SZ000550,-1,-1,2,-2
SZ000551,0,0,0,-2
SZ000552,0,1,14,3
SZ000553,0,-1,6,1
SZ000554,4,0,-1,-1
SZ000555,0,-1,-8,-1
SZ000557,1,6,-2,0
SZ000559,0,2,4,4
SZ000560,-3,-2,-1,2
SZ000561,-1,-2,-1,2
SZ000563,1,0,-2,1
SZ000564,0,-4,2,2
SZ000565,4,1,3,-2
SZ000566,2,-4,0,3
SZ000567,0,0,-1,-5
SZ000568,-7,-6,-1,0
SZ000570,0,2,5,1
SZ000571,1,0,7,4
SZ000572,0,4,-3,1
SZ000573,0,-2,-1,-3
SZ000576,4,5,-2,2
SZ000581,0,-5,-1,0
SZ000582,-1,-5,-2,2
SZ000584,1,-1,3,1
SZ000585,0,-5,-1,1
SZ000586,0,4,-2,4
SZ000587,0,2,2,2
SZ000589,0,2,3,-1
SZ000590,0,-2,-1,-1
SZ000591,0,-4,-4,0
SZ000592,-3,-2,1,0
SZ000593,2,-2,-3,-3
SZ000595,0,0,0,0
SZ000596,-1,1,8,-1
SZ000597,5,-1,0,0
SZ000598,-2,-1,-4,-1
SZ000599,0,-3,3,0
SZ000600,0,0,0,0
SZ000601,0,8,3,1
SZ000603,-2,-3,0,1
SZ000605,0,0,0,0
SZ000606,1,13,1,-1
SZ000607,0,5,-1,0
SZ000608,0,-1,3,0
SZ000609,2,5,-1,-2
SZ000610,3,3,-1,-1
SZ000612,0,2,3,3
SZ000615,0,0,0,0
SZ000616,0,-1,-7,-2
SZ000617,-1,3,-2,2
SZ000619,0,3,1,2
SZ000620,0,0,0,0
SZ000622,0,-2,-3,2
SZ000623,-1,-7,1,1
SZ000625,-1,5,-2,-2
SZ000626,1,0,3,0
SZ000627,1,-2,-4,1
SZ000628,0,-2,0,3
SZ000629,-1,-6,6,-1
SZ000630,-1,-1,-3,1
SZ000631,0,0,-13,3
SZ000632,0,0,-7,-3
SZ000633,0,-3,-2,3
SZ000635,3,2,-4,1
SZ000636,1,-2,1,0
SZ000637,0,-1,4,2
SZ000638,0,0,0,0
SZ000639,1,-8,-5,0
SZ000650,1,2,2,1
SZ000651,-4,1,-3,0
SZ000652,-2,-3,1,0
SZ000655,0,-2,-2,2
SZ000656,0,-4,0,2
SZ000657,2,-7,0,-1
SZ000659,1,7,0,4
SZ000661,0,-2,3,1
SZ000662,0,2,-7,-3
SZ000663,0,-3,-3,2
SZ000665,0,2,3,2
SZ000666,3,1,5,2
SZ000667,-1,0,-4,-1
SZ000668,0,1,8,0
SZ000669,-2,-6,-2,0
SZ000670,-2,-6,1,1
SZ000671,1,8,8,3
SZ000672,-5,-8,-1,-1
SZ000676,5,5,2,-1
SZ000677,0,-3,3,-2
SZ000678,0,-1,-7,-2
SZ000679,0,1,-4,1
SZ000680,-6,3,2,-1
SZ000681,0,-2,-6,-4
SZ000683,2,4,8,2
SZ000685,1,4,1,0
SZ000686,8,5,-1,0
SZ000687,0,0,0,0
SZ000688,0,6,-3,1
SZ000690,-1,-5,6,0
SZ000691,0,2,0,-2
SZ000692,0,0,7,-3
SZ000695,0,8,16,0
SZ000698,2,-4,-8,-2
SZ000700,0,4,3,3
SZ000701,-1,8,4,1
SZ000702,2,-1,4,2
SZ000703,0,-2,-1,-1
SZ000705,0,-1,5,4
SZ000707,1,1,1,5
SZ000708,1,-1,8,-2
SZ000709,0,0,0,0
SZ000710,0,-8,1,-2
SZ000711,0,2,-1,0
SZ000712,8,0,0,0
SZ000713,0,-2,7,3
SZ000715,0,0,-3,5
SZ000717,1,1,1,-1
SZ000718,0,6,1,-1
SZ000719,1,7,12,2
SZ000720,1,2,1,5
SZ000721,1,-2,2,1
SZ000722,3,-2,2,-1
SZ000725,-8,-7,-1,0
SZ000726,4,-2,-4,0
SZ000727,-2,-2,-6,0
SZ000728,-3,0,-1,0
SZ000729,0,8,-5,-1
SZ000731,0,-2,-7,1
SZ000732,0,5,-1,2
SZ000735,0,1,-2,3
SZ000736,-1,-6,2,0
SZ000737,0,-2,-5,-3
SZ000738,4,4,-3,-1
SZ000739,0,4,2,0
SZ000750,5,6,3,1
SZ000751,0,-1,-3,0
SZ000752,-1,1,-1,0
SZ000753,3,-9,-1,-2
SZ000756,-1,5,4,1
SZ000757,2,-2,0,2
SZ000758,-10,-4,-1,1
SZ000759,1,10,4,-3
SZ000760,0,-3,-3,-2
SZ000761,0,9,7,0
SZ000762,-1,1,0,0
SZ000766,2,-1,1,-6
SZ000767,-1,-1,4,0
SZ000768,1,1,2,-1
SZ000776,1,0,-2,1
SZ000777,1,-6,2,-1
SZ000778,0,0,0,0
SZ000779,0,4,10,2
SZ000780,2,0,8,0
SZ000782,2,3,-2,1
SZ000783,2,6,-4,-2
SZ000785,0,1,5,-2
SZ000786,0,0,0,0
SZ000788,0,4,4,-6
SZ000789,0,1,-2,1
SZ000790,0,-4,-7,-4
SZ000791,0,-7,2,1
SZ000792,0,2,0,-2
SZ000793,13,0,1,0
SZ000795,0,3,-3,-2
SZ000796,0,-2,1,-3
SZ000797,4,-1,4,-1
SZ000798,2,0,-5,1
SZ000799,-1,0,1,-2
SZ000800,1,7,-2,0
SZ000801,0,5,3,2
SZ000802,0,0,3,1
SZ000806,1,-2,-4,3
SZ000807,-3,-6,2,1
SZ000809,1,7,-1,-1
SZ000810,0,-2,-6,8
SZ000811,-2,-4,-2,0
SZ000812,3,0,-1,0
SZ000813,0,-1,8,-1
SZ000815,0,5,-1,-4
SZ000816,0,3,-1,-2
SZ000818,0,-7,2,1
SZ000819,0,-2,1,4
SZ000820,-2,-11,-1,0
SZ000822,0,0,-5,3
SZ000823,6,1,5,0
SZ000825,3,2,2,1
SZ000826,2,3,-4,-2
SZ000828,4,-2,-3,1
SZ000830,0,4,1,-1
SZ000831,-4,4,3,-3
SZ000833,0,-3,-4,5
SZ000835,0,5,0,-1
SZ000836,2,0,-5,-1
SZ000837,-3,-2,2,1
SZ000838,0,-4,9,1
SZ000839,-1,6,1,0
SZ000848,0,2,0,0
SZ000850,3,1,6,1
SZ000851,1,2,0,1
SZ000852,-1,7,2,-1
SZ000856,0,0,0,0
SZ000858,-2,-4,0,-2
SZ000859,1,-1,-3,1
SZ000860,1,1,-2,0
SZ000861,0,4,12,2
SZ000863,0,-1,-6,1
SZ000868,0,-2,10,6
SZ000869,0,1,-3,0
SZ000875,-1,-3,2,2
SZ000876,0,-1,2,3
SZ000877,2,1,1,0
SZ000878,0,-6,0,0
SZ000880,2,3,5,0
SZ000881,-2,-5,1,2
SZ000882,1,2,0,1
SZ000883,-3,-16,1,2
SZ000885,0,0,0,0
SZ000886,1,-2,-2,-3
SZ000887,1,-6,-1,0
SZ000888,3,2,4,-1
SZ000889,3,4,0,-1
SZ000890,0,5,0,3
SZ000892,3,11,2,0
SZ000893,4,3,-2,1
SZ000895,-5,-13,0,0
SZ000897,0,0,0,0
SZ000898,6,0,1,1
SZ000899,1,6,2,1
SZ000900,3,14,0,1
SZ000901,0,6,3,1
SZ000902,0,3,4,2
SZ000903,-1,2,0,-3
SZ000905,-3,-2,-1,0
SZ000906,-2,0,3,-4
SZ000908,0,1,-2,5
SZ000909,0,-2,-2,-6
SZ000910,2,2,1,-5
SZ000911,0,6,-1,-3
SZ000913,0,5,-2,-2
SZ000915,1,8,4,-3
SZ000917,0,-3,-2,1
SZ000918,0,-2,4,4
SZ000919,0,3,3,0
SZ000920,0,3,3,-4
SZ000921,-2,3,5,2
SZ000923,0,0,0,0
SZ000925,0,4,-5,-1
SZ000926,1,-2,1,0
SZ000927,0,-4,-2,0
SZ000928,3,6,-2,1
SZ000929,0,2,-2,0
SZ000930,-1,-2,2,0
SZ000931,0,-1,-1,-2
SZ000932,1,4,0,5
SZ000933,1,4,1,-1
SZ000936,0,1,6,-1
SZ000937,0,0,0,0
SZ000939,0,-1,8,2
SZ000948,0,3,-2,-1
SZ000949,1,3,0,0
SZ000950,0,2,4,-3
SZ000951,1,3,3,-3
SZ000952,0,0,-1,3
SZ000955,-1,1,0,5
SZ000957,6,1,0,1
SZ000958,0,0,0,0
SZ000959,0,0,0,0
SZ000960,2,9,-2,3
SZ000961,-5,0,3,0
SZ000962,0,-2,4,2
SZ000963,0,2,3,-1
SZ000965,0,0,0,0
SZ000966,4,-3,3,0
SZ000967,1,-4,-2,-3
SZ000968,0,0,0,0
SZ000969,0,5,-4,-1
SZ000970,5,-6,-4,1
SZ000971,0,-4,-2,2
SZ000972,0,-2,0,-2
SZ000973,2,-1,1,2
SZ000975,-1,-1,-1,1
SZ000976,2,4,3,-1
SZ000977,3,4,5,-2
SZ000978,1,6,-2,-3
SZ000980,5,-6,0,1
SZ000983,-4,-5,1,0
SZ000985,0,0,2,8
SZ000987,0,1,8,1
SZ000988,-1,4,1,2
SZ000989,0,2,1,5
SZ000990,0,-1,-2,-2
SZ000993,0,-2,4,0
SZ000995,2,2,0,4
SZ000996,0,1,5,0
SZ000997,-2,1,3,0
SZ000998,0,-2,-4,0
SZ000999,0,2,3,1
SZ001696,2,-5,0,-1
SZ001896,-3,-7,-2,0
SZ001979,1,-2,1,-2
SZ002001,3,0,5,2
SZ002002,8,0,0,-2
SZ002003,0,1,-5,0
SZ002004,0,0,-1,-1
SZ002005,0,13,0,-3
SZ002006,0,2,9,7
SZ002007,1,1,-3,3
SZ002008,7,-6,1,-1
SZ002009,0,3,-4,3
SZ002010,0,1,-8,-1
SZ002011,2,2,1,-1
SZ002012,0,-3,-5,-1
SZ002013,0,-4,3,-1
SZ002014,0,-2,4,-4
SZ002015,0,2,5,1
SZ002016,1,-9,2,2
SZ002017,0,2,8,2
SZ002018,-2,-9,-5,0
SZ002019,0,4,2,0
SZ002020,-3,-2,-6,1
SZ002021,0,0,2,-5
SZ002022,0,4,4,2
SZ002023,1,0,-1,-4
SZ002024,2,2,4,1
SZ002026,0,0,-2,-6
SZ002027,0,1,1,2
SZ002028,-1,-4,-2,-1
SZ002029,0,-4,5,1
SZ002030,1,8,-2,1
SZ002031,1,2,-4,3
SZ002032,1,-4,10,-1
SZ002033,4,3,-2,-1
SZ002034,0,-3,3,3
SZ002035,-1,1,2,-1
SZ002036,1,-1,-4,-2
SZ002037,0,3,3,2
SZ002038,-1,10,9,1
SZ002039,0,-3,-2,6
SZ002040,1,1,-2,0
SZ002041,0,-2,4,0
SZ002042,1,0,-3,-2
SZ002043,3,5,3,0
SZ002044,5,-2,3,2
SZ002045,8,6,3,3
SZ002046,5,5,-2,-2
SZ002047,1,-3,1,-1
SZ002048,-2,-5,6,1
SZ002052,1,2,5,0
SZ002053,1,-6,-8,3
SZ002054,2,3,-5,0
SZ002055,1,0,0,-1
SZ002056,-3,5,-3,1
SZ002057,1,-3,6,-6
SZ002058,0,0,-5,-3
SZ002059,0,1,-2,1
SZ002060,-2,0,-4,0
SZ002062,1,1,3,-3
SZ002063,0,4,0,1
SZ002064,0,-4,1,1
SZ002065,-1,1,1,1
SZ002066,-2,-6,1,1
SZ002067,0,5,0,1
SZ002068,4,2,4,2
SZ002069,0,-4,-2,-2
SZ002070,2,3,-5,0
SZ002071,0,2,5,1
SZ002073,-6,0,1,1
SZ002074,14,-3,1,0
SZ002077,0,-1,-4,-3
SZ002078,3,-7,5,1
SZ002079,0,-2,-2,-4
SZ002080,2,-3,2,-1
SZ002081,2,5,4,-1
SZ002083,0,5,1,2
SZ002084,0,-1,-3,-4
SZ002085,-2,-5,-6,4
SZ002086,1,-2,-2,0
SZ002087,-2,-3,5,2
SZ002088,1,3,3,3
SZ002089,-1,0,0,1
SZ002090,0,1,5,0
SZ002091,0,4,-5,-1
SZ002092,-4,2,0,0
SZ002093,0,2,0,2
SZ002094,4,-2,7,1
SZ002095,0,1,4,7
SZ002096,1,-1,2,6
SZ002097,1,-5,-3,3
SZ002098,-1,-5,0,-4
SZ002099,0,-4,-4,2
SZ002100,0,4,2,0
SZ002101,0,2,13,-1
SZ002102,2,2,0,2
SZ002103,-1,4,2,-1
SZ002104,1,-2,-2,-1
SZ002105,2,2,0,0
SZ002106,4,10,3,-1
SZ002107,0,-6,-3,-3
SZ002108,0,0,0,0
SZ002109,1,1,-2,0
SZ002110,-1,1,0,0
SZ002111,0,-6,-1,-3
SZ002112,0,-1,1,1
SZ002114,0,2,-13,1
SZ002116,3,1,1,3
SZ002117,-1,5,4,4
SZ002118,3,1,12,6
SZ002119,0,6,8,-2
SZ002120,0,4,2,0
SZ002122,-1,-5,-6,2
SZ002123,0,1,2,3
SZ002124,0,-6,1,-3
SZ002125,0,-3,-5,2
SZ002126,0,2,3,1
SZ002127,1,-4,-3,-2
SZ002130,0,6,0,0
SZ002131,-1,0,-1,2
SZ002133,0,3,6,-1
SZ002135,0,0,-9,-1
SZ002136,-2,-1,-8,3
SZ002137,0,1,8,-3
SZ002138,1,-2,0,1
SZ002139,0,-1,-12,-1
SZ002140,2,6,-2,0
SZ002141,1,5,1,3
SZ002142,1,8,4,-1
SZ002143,-4,-7,2,0
SZ002144,0,0,6,7
SZ002145,-1,-6,-2,3
SZ002146,0,0,0,0
SZ002147,0,6,4,0
SZ002148,1,-1,-2,0
SZ002149,0,-5,0,-1
SZ002150,0,2,-7,-5
SZ002151,2,9,2,-2
SZ002152,1,5,1,-1
SZ002153,0,1,1,-5
SZ002154,1,0,-3,0
SZ002155,1,-4,2,-1
SZ002156,0,-2,-2,1
SZ002157,0,-3,-3,0
SZ002158,0,0,0,0
SZ002159,0,0,4,2
SZ002160,0,-14,-7,1
SZ002161,0,0,3,1
SZ002163,-5,-2,-3,0
SZ002164,3,-5,-1,-1
SZ002165,-1,0,0,2
SZ002166,0,1,1,0
SZ002167,1,3,-2,-2
SZ002169,1,0,3,0
SZ002170,0,0,4,4
SZ002171,2,2,7,3
SZ002172,0,-1,-6,5
SZ002173,0,2,-7,7
SZ002174,-2,-6,1,3
SZ002176,-3,-1,1,1
SZ002177,-1,2,3,-2
SZ002178,0,-2,3,-3
SZ002179,1,8,7,-1
SZ002180,0,-2,-8,0
SZ002181,0,-4,-5,-3
SZ002182,1,8,2,-3
SZ002183,-3,-2,4,1
SZ002184,0,2,-5,-2
SZ002185,8,-7,-1,0
SZ002186,1,4,8,1
SZ002187,0,3,2,7
SZ002188,0,-2,-7,-4
SZ002189,0,-2,4,2
SZ002190,0,7,-3,1
SZ002191,0,11,7,0
SZ002192,-3,-5,0,-2
SZ002194,0,1,-1,-6
SZ002195,-1,2,-2,3
SZ002196,6,6,2,0
SZ002197,0,6,4,3
SZ002198,-1,0,6,7
SZ002199,4,8,-3,1
SZ002200,1,16,0,1
SZ002201,0,-1,-1,2
SZ002202,-1,4,5,0
SZ002203,8,1,2,-1
SZ002204,-1,2,2,0
SZ002205,1,9,4,0
SZ002206,0,-8,-4,2
SZ002207,0,-1,-3,0
SZ002208,0,-4,2,0
SZ002209,0,0,-3,-3
SZ002210,0,2,6,0
SZ002211,0,-4,0,0
SZ002212,1,0,-3,-3
SZ002213,0,1,8,3
SZ002214,-3,-5,0,-2
SZ002215,-1,2,3,2
SZ002216,0,-2,7,5
SZ002217,-2,-5,-6,1
SZ002218,0,-1,-5,0
SZ002219,0,0,-3,0
SZ002220,0,-8,-4,4
SZ002221,2,-1,-2,-3
SZ002222,10,5,3,0
SZ002223,0,2,3,0
SZ002224,1,2,3,-2
SZ002225,0,1,5,1
SZ002226,-1,-4,-4,1
SZ002227,0,0,6,0
SZ002228,0,-1,1,1
SZ002229,2,-2,-6,2
SZ002230,-6,-5,0,0
SZ002231,-1,-2,5,3
SZ002232,0,1,1,-2
SZ002233,-1,1,-1,1
SZ002234,0,-1,-5,2
SZ002235,1,-10,1,0
SZ002236,-1,-4,-3,2
SZ002237,0,11,-4,-1
SZ002239,0,5,-1,0
SZ002240,0,0,0,2
SZ002241,2,0,-1,-1
SZ002242,-3,-2,-2,-1
SZ002243,1,5,3,3
SZ002244,-2,7,2,1
SZ002245,1,8,0,-3
SZ002246,3,-1,-2,0
SZ002247,0,2,-2,-2
SZ002249,1,5,3,3
SZ002250,0,1,-3,2
SZ002251,1,2,0,-1
SZ002252,0,-2,1,-1
SZ002253,4,-1,1,0
SZ002254,3,-5,-1,-1
SZ002256,0,8,1,3
SZ002258,-2,3,0,0
SZ002259,0,0,7,-2
SZ002261,1,6,0,1
SZ002262,-2,-7,-4,1
SZ002263,3,-2,-1,2
SZ002264,0,0,0,4
SZ002265,-1,-9,1,3
SZ002266,1,-3,-5,1
SZ002267,0,4,2,-2
SZ002268,2,1,7,0
SZ002269,1,7,4,-2
SZ002271,2,7,3,0
SZ002272,0,-6,-3,1
SZ002273,0,-3,-5,0
SZ002274,0,0,-1,1
SZ002275,0,-1,0,3
SZ002276,2,-2,-2,2
SZ002277,-2,-2,1,-1
SZ002278,4,0,2,-1
SZ002279,3,5,4,0
SZ002281,0,-3,-6,-1
SZ002283,0,-3,-5,-2
SZ002284,2,-3,4,-1
SZ002285,4,2,2,0
SZ002286,0,-1,-10,3
SZ002287,-1,-6,-5,0
SZ002288,0,-2,-2,6
SZ002289,0,-1,-6,0
SZ002290,0,4,0,-3
SZ002291,2,4,2,1
SZ002292,1,-2,-1,0
SZ002293,0,0,3,3
SZ002294,-4,-5,4,1
SZ002295,-1,-3,-6,0
SZ002296,0,2,-3,3
SZ002297,8,-5,0,1
SZ002298,0,1,1,2
SZ002300,-5,0,0,1
SZ002301,0,2,6,2
SZ002302,-1,1,0,1
SZ002303,0,3,-4,-1
SZ002304,1,8,3,2
SZ002305,6,5,3,0
SZ002306,0,6,9,2
SZ002307,4,-3,2,-1
SZ002308,0,1,2,1
SZ002309,0,-2,-3,-1
SZ002310,0,0,0,0
SZ002311,0,-7,-2,-1
SZ002313,0,3,0,2
SZ002314,0,-5,5,2
SZ002315,0,-2,0,-2
SZ002317,2,2,3,-1
SZ002318,-1,2,9,0
SZ002319,0,4,6,4
SZ002320,1,9,6,-2
SZ002321,2,-5,-2,1
SZ002322,1,6,3,-2
SZ002323,0,-10,3,-1
SZ002324,0,-4,-4,1
SZ002325,2,3,-6,-1
SZ002326,0,2,4,-2
SZ002327,0,0,-6,-2
SZ002328,0,8,7,1
SZ002329,0,-10,-2,2
SZ002330,-1,7,-1,3
SZ002331,0,1,0,3
SZ002332,0,1,2,1
SZ002333,1,5,1,-3
SZ002334,1,6,2,-1
SZ002335,0,2,0,0
SZ002336,0,0,4,-2
SZ002337,1,4,4,1
SZ002338,1,10,1,-2
SZ002339,-1,-4,0,1
SZ002340,2,1,-2,1
SZ002341,-2,-1,-2,-3
SZ002342,0,0,0,0
SZ002343,0,3,5,3
SZ002344,0,2,2,0
SZ002345,1,-2,3,-2
SZ002346,-3,5,0,0
SZ002347,0,2,-1,-3
SZ002348,3,-5,3,1
SZ002349,1,-5,-4,-2
SZ002350,0,-1,-7,4
SZ002351,-1,-1,-1,1
SZ002352,-5,-3,-2,-2
SZ002353,-2,6,2,2
SZ002354,-1,2,-1,0
SZ002355,1,6,-1,4
SZ002356,-1,-3,0,2
SZ002357,0,1,0,-1
SZ002358,7,6,1,0
SZ002359,2,-6,0,0
SZ002360,0,1,-1,0
SZ002361,2,-5,-4,-1
SZ002362,0,2,-5,1
SZ002363,0,0,3,1
SZ002364,0,-7,1,4
SZ002365,0,6,10,4
SZ002366,2,4,6,0
SZ002367,1,-1,-3,1
SZ002368,0,4,0,0
SZ002369,0,1,-1,2
SZ002370,0,3,2,-3
SZ002371,0,2,-3,1
SZ002372,-2,-1,-2,1
SZ002373,0,3,1,-2
SZ002374,1,6,-1,0
SZ002375,6,-2,5,1
SZ002376,3,-7,2,0
SZ002377,2,12,3,1
SZ002378,1,-5,-8,-2
SZ002380,0,-1,1,2
SZ002381,-1,-5,1,1
SZ002382,0,1,0,-1
SZ002383,2,6,-3,0
SZ002384,3,-1,1,-1
SZ002385,0,-1,9,0
SZ002386,0,4,-4,1
SZ002387,0,0,0,0
SZ002388,2,0,0,0
SZ002389,-1,-1,0,0
SZ002390,-4,-5,-4,-1
SZ002391,0,1,-4,-3
SZ002392,0,0,0,0
SZ002393,1,-5,5,1
SZ002394,0,-1,6,-1
SZ002395,0,4,-1,-3
SZ002396,0,0,-8,-2
SZ002397,0,6,-4,2
SZ002398,-2,2,-3,0
SZ002399,1,4,3,0
SZ002401,0,4,-1,-1
SZ002402,-1,2,2,1
SZ002403,0,-2,5,1
SZ002404,0,3,7,-2
SZ002405,-1,2,3,0
SZ002406,0,-6,4,0
SZ002407,6,-1,1,0
SZ002408,0,6,3,1
SZ002409,1,0,-6,4
SZ002410,0,3,0,3
SZ002411,1,-1,-4,-2
SZ002412,0,0,1,-3
SZ002413,0,3,-1,2
SZ002414,0,9,6,1
SZ002415,-2,-6,-2,0
SZ002416,0,6,3,3
SZ002419,0,-1,-3,-4
SZ002420,0,-1,-7,0
SZ002421,0,-4,0,-1
SZ002422,4,2,6,0
SZ002423,0,-2,1,5
SZ002424,0,0,-11,-5
SZ002425,-1,-5,-2,0
SZ002427,0,3,0,-1
SZ002428,1,-4,4,2
SZ002429,1,7,2,-2
SZ002430,2,-1,2,1
SZ002431,0,0,0,0
SZ002432,0,-2,9,-1
SZ002433,6,0,-1,3
SZ002434,0,-7,5,0
SZ002435,0,0,10,1
SZ002436,0,0,-1,-1
SZ002437,4,2,8,-1
SZ002438,0,0,-11,-10
SZ002439,0,-4,-5,3
SZ002440,1,3,0,0
SZ002441,0,3,0,-4
SZ002442,0,5,2,-3
SZ002444,-1,-6,0,0
SZ002445,-1,2,0,-1
SZ002446,0,3,1,0
SZ002447,6,-1,4,1
SZ002448,0,-4,-2,-4
SZ002449,1,4,10,1
SZ002450,-8,-2,-1,1
SZ002451,0,-4,2,-2
SZ002452,1,3,7,5
SZ002453,0,6,-2,0
SZ002454,0,2,-1,7
SZ002455,0,1,0,2
SZ002456,2,0,-2,2
SZ002457,0,0,0,0
SZ002458,0,8,2,-1
SZ002459,0,0,0,1
SZ002460,7,4,1,0
SZ002461,4,8,-1,0
SZ002462,0,0,-5,-7
SZ002463,1,1,3,0
SZ002465,1,1,-2,3
SZ002466,5,-1,1,-5
SZ002467,0,1,-6,4
SZ002468,-1,4,1,1
SZ002469,1,-3,-1,2
SZ002470,2,9,8,-2
SZ002471,0,-1,-9,-3
SZ002472,0,-1,5,6
SZ002473,0,-4,-5,-1
SZ002474,1,1,0,4
SZ002475,8,6,-4,0
SZ002476,0,-7,-4,-1
SZ002477,0,0,0,0
SZ002478,0,-1,4,-1
SZ002479,1,2,0,1
SZ002480,0,0,-5,3
SZ002481,0,6,4,2
SZ002482,6,3,0,1
SZ002483,3,-4,-1,0
SZ002484,0,-1,1,-2
SZ002485,-3,-4,-9,1
SZ002487,0,4,3,5
SZ002488,1,3,1,-1
SZ002489,-3,1,-1,0
SZ002490,1,5,2,0
SZ002491,1,5,7,3
SZ002492,1,-2,2,2
SZ002493,0,5,3,2
SZ002494,0,0,0,0
SZ002495,0,0,4,0
SZ002496,2,-3,4,1
SZ002497,0,0,0,0
SZ002498,0,1,2,-3
SZ002499,0,6,4,4
SZ002500,5,0,-3,0
SZ002501,3,-8,-1,0
SZ002502,-2,0,9,-1
SZ002503,5,2,0,1
SZ002504,0,0,0,0
SZ002506,1,2,1,0
SZ002507,2,4,8,0
SZ002508,2,-3,-3,2
SZ002510,0,0,0,0
SZ002511,0,-4,-3,-7
SZ002512,2,3,2,-1
SZ002514,0,-1,10,5
SZ002515,-4,0,-1,-1
SZ002516,-4,-2,-2,1
SZ002517,0,4,11,7
SZ002518,2,2,2,4
SZ002519,0,4,0,0
SZ002520,0,1,-1,-4
SZ002521,6,0,-5,1
SZ002522,-1,0,9,2
SZ002523,0,-1,-8,-5
SZ002524,2,6,2,-2
SZ002526,-1,-1,0,0
SZ002527,0,5,0,0
SZ002528,0,4,4,2
SZ002529,0,0,2,8
SZ002530,0,1,-3,2
SZ002531,-1,-2,0,3
SZ002532,-3,2,6,0
SZ002533,0,1,-2,7
SZ002534,-1,2,1,-2
SZ002535,0,6,-4,0
SZ002536,0,1,3,2
SZ002537,0,3,1,0
SZ002538,0,-11,-2,1
SZ002539,2,0,0,-6
SZ002540,0,0,-1,-5
SZ002541,0,4,0,1
SZ002542,0,0,0,0
SZ002543,0,-5,2,0
SZ002544,0,-7,-4,0
SZ002545,-1,0,-7,7
SZ002546,0,3,5,4
SZ002548,0,4,13,-1
SZ002549,-2,-6,-4,-1
SZ002550,1,-1,2,-4
SZ002551,0,-11,0,-1
SZ002552,1,4,0,1
SZ002554,0,6,4,-6
SZ002555,2,1,-3,2
SZ002556,0,2,-1,-1
SZ002557,2,1,-3,-4
SZ002558,0,3,-1,0
SZ002559,0,0,2,2
SZ002560,2,-5,2,0
SZ002561,0,0,-6,2
SZ002562,1,-1,3,1
SZ002563,3,1,-8,-2
SZ002564,8,-2,-3,-1
SZ002565,0,3,-4,0
SZ002566,0,4,1,-3
SZ002567,-2,-3,-4,-1
SZ002568,0,0,-6,0
SZ002569,2,-3,-3,1
SZ002570,1,1,1,1
SZ002571,1,6,4,-1
SZ002572,0,-2,-9,6
SZ002573,0,-3,-2,1
SZ002574,0,3,0,-1
SZ002577,-1,-1,-3,1
SZ002579,0,-1,0,-3
SZ002580,0,-2,3,6
SZ002581,0,3,0,-1
SZ002582,-1,2,6,3
SZ002583,-5,-3,-5,1
SZ002584,0,3,1,-2
SZ002585,0,3,-1,3
SZ002586,-1,5,2,-5
SZ002587,0,2,-3,-1
SZ002588,-1,-5,-3,3
SZ002589,-1,-5,-1,1
SZ002590,3,4,-2,-1
SZ002591,0,-2,-8,0
SZ002592,0,0,7,-2
SZ002593,0,0,-8,4
SZ002594,0,-2,2,2
SZ002595,-1,2,0,1
SZ002596,0,1,3,0
SZ002597,3,2,-1,-1
SZ002598,0,11,9,2
SZ002599,0,-1,-1,8
SZ002601,5,-4,-2,1
SZ002602,4,5,3,-1
SZ002603,-3,4,-1,0
SZ002604,0,4,0,0
SZ002605,0,-3,-4,1
SZ002607,-1,2,-10,1
SZ002609,0,-2,-4,-8
SZ002610,1,14,2,1
SZ002611,3,5,-3,-3
SZ002612,0,0,5,3
SZ002613,0,-3,-1,-6
SZ002614,0,0,-6,0
SZ002615,0,0,1,-1
SZ002616,0,0,0,0
SZ002617,1,6,4,3
SZ002618,0,0,0,0
SZ002619,1,4,3,-2
SZ002620,0,0,0,0
SZ002621,0,-2,1,5
SZ002622,0,-3,3,0
SZ002624,0,-4,2,-8
SZ002625,0,0,5,-1
SZ002626,0,-1,-4,3
SZ002627,0,2,8,8
SZ002628,2,5,6,-5
SZ002629,-2,0,5,-1
SZ002630,3,-1,0,0
SZ002631,1,4,2,-3
SZ002632,0,-3,-7,2
SZ002633,0,10,1,-2
SZ002634,2,6,-2,1
SZ002635,-2,-6,-4,0
SZ002636,0,6,-5,-1
SZ002637,-1,-3,8,4
SZ002639,0,-2,0,0
SZ002641,0,1,6,7
SZ002642,6,4,-4,-2
SZ002643,0,2,2,-2
SZ002644,0,3,10,0
SZ002645,0,-4,-5,-1
SZ002646,1,-1,6,-2
SZ002647,0,0,-5,-10
SZ002648,0,4,-1,5
SZ002649,0,2,2,0
SZ002650,0,5,-5,2
SZ002651,0,-1,-2,0
SZ002653,0,2,2,2
SZ002654,0,0,-3,1
SZ002656,0,6,-1,-5
SZ002657,-1,3,-2,0
SZ002658,1,4,3,0
SZ002659,1,7,0,-2
SZ002660,3,0,1,1
SZ002661,1,1,8,-2
SZ002662,1,11,4,0
SZ002663,-1,-7,2,2
SZ002665,0,3,-2,-1
SZ002666,0,1,-5,2
SZ002667,0,-5,-2,3
SZ002668,1,7,2,-4
SZ002669,0,0,-1,4
SZ002670,0,0,-1,1
SZ002671,-2,2,-3,-1
SZ002672,1,1,-1,1
SZ002674,0,-1,-1,-1
SZ002676,0,5,3,4
SZ002677,1,5,0,4
SZ002678,2,2,1,1
SZ002679,1,3,-4,0
SZ002680,0,10,10,2
SZ002682,0,2,-8,-6
SZ002683,-2,4,1,0
SZ002684,0,7,3,1
SZ002686,3,10,1,0
SZ002687,0,8,5,5
SZ002688,0,1,0,3
SZ002689,2,5,3,0
SZ002690,1,7,3,1
SZ002691,0,0,0,0
SZ002692,0,0,0,3
SZ002693,0,2,-1,5
SZ002694,0,0,-12,-4
SZ002695,0,-8,-2,0
SZ002696,0,-2,3,1
SZ002697,2,4,1,-2
SZ002698,0,-2,0,-2
SZ002700,0,1,-3,0
SZ002701,0,7,8,1
SZ002702,0,0,4,-4
SZ002703,0,-8,0,0
SZ002705,2,5,0,1
SZ002706,1,2,1,-5
SZ002707,1,0,4,1
SZ002708,0,5,-1,0
SZ002709,1,-3,-1,-2
SZ002711,2,0,-2,0
SZ002712,0,9,2,2
SZ002713,0,-4,-1,-1
SZ002714,0,4,3,-3
SZ002715,0,5,10,1
SZ002716,1,6,-1,2
SZ002718,0,-2,-3,7
SZ002719,0,1,-5,3
SZ002722,-1,-3,-2,-2
SZ002723,0,-1,0,-3
SZ002725,0,-1,-1,-3
SZ002726,0,0,-2,0
SZ002727,0,1,1,0
SZ002728,-1,-2,-2,1
SZ002729,0,-1,-1,9
SZ002730,0,-5,2,-3
SZ002731,0,1,3,3
SZ002732,-1,1,2,1
SZ002733,0,0,-3,5
SZ002734,-1,-5,-6,5
SZ002736,4,7,10,1
SZ002737,0,1,0,1
SZ002738,0,1,-3,0
SZ002739,5,4,0,1
SZ002741,-1,-3,-4,-5
SZ002742,1,0,-1,-2
SZ002743,1,1,3,-2
SZ002746,0,-6,-1,3
SZ002748,0,-6,2,0
SZ002749,0,-2,-4,-3
SZ002750,0,0,7,-3
SZ002751,0,8,-7,-3
SZ002752,0,-1,5,0
SZ002753,0,0,4,6
SZ002755,3,4,3,-2
SZ002756,0,3,9,5
SZ002757,1,6,-2,6
SZ002758,0,-2,0,0
SZ002759,2,10,-5,-1
SZ002760,0,5,0,-4
SZ002761,0,-3,2,1
SZ002762,4,-2,0,-2
SZ002763,0,0,3,-3
SZ002765,1,-7,4,2
SZ002766,0,-2,-13,-1
SZ002767,-1,-4,-3,-2
SZ002768,0,1,-9,0
SZ002769,0,-4,-3,-1
SZ002770,0,0,-4,1
SZ002771,0,1,2,-3
SZ002772,3,0,-7,0
SZ002773,0,-2,2,-7
SZ002774,0,0,0,0
SZ002775,2,5,12,1
SZ002776,-2,-5,-8,1
SZ002777,-1,-5,-3,0
SZ002778,1,10,12,1
SZ002779,1,4,0,-1
SZ002780,0,0,3,1
SZ002781,-1,1,-1,-1
SZ002782,3,-4,-4,1
SZ002783,-3,-1,0,2
SZ002785,0,-5,0,-1
SZ002786,5,2,-4,1
SZ002788,0,3,4,-1
SZ002789,0,3,-4,6
SZ002790,0,1,5,-4
SZ002791,1,3,2,2
SZ002792,-1,-1,6,1
SZ002793,2,1,5,0
SZ002795,1,0,-2,0
SZ002796,0,3,7,4
SZ002797,4,-3,-3,0
SZ002798,-1,-3,-1,2
SZ002799,3,3,1,-1
SZ002800,0,1,-1,12
SZ002801,1,3,8,3
SZ002802,3,3,-2,0
SZ002805,0,-3,-2,-1
SZ002806,1,-5,0,-2
SZ002807,-1,-1,-2,0
SZ002808,0,2,-7,2
SZ002809,-1,-1,2,1
SZ002810,4,-3,2,-1
SZ002811,-1,-3,-2,4
SZ002815,0,1,1,0
SZ002817,0,3,-2,3
SZ002818,0,4,4,-2
SZ002819,6,1,-2,1
SZ002820,1,-2,-5,4
SZ002821,0,7,0,3
SZ002822,0,-1,2,-1
SZ002823,0,-1,-4,3
SZ002824,0,-1,0,4
SZ002825,1,3,2,1
SZ002826,0,-4,2,0
SZ002827,0,2,-5,1
SZ002828,0,-1,-3,0
SZ002829,1,1,2,0
SZ002830,3,-4,-4,1
SZ002831,0,-4,-1,-1
SZ002832,1,-4,-3,0
SZ002833,4,2,0,0
SZ002835,0,0,1,0
SZ002836,3,8,-4,-1
SZ002837,0,3,-2,5
SZ002838,0,-2,6,-3
SZ002839,6,0,0,0
SZ002840,-1,-1,-1,-1
SZ002841,1,1,2,2
SZ002842,1,7,3,0
SZ002843,2,-6,4,1
SZ002845,1,-6,7,1
SZ002846,3,8,2,-1
SZ002847,1,-5,1,3
SZ002848,3,1,1,-1
SZ002849,-1,7,4,4
SZ002850,-3,-1,2,0
SZ002851,4,-1,4,1
SZ002852,1,9,0,0
SZ002855,0,0,0,0
SZ002856,-3,1,-2,3
SZ002857,0,0,0,0
SZ002858,0,0,0,0
SZ300001,0,0,3,4
SZ300002,1,7,3,2
SZ300003,-1,-4,-2,1
SZ300004,0,-1,8,-5
SZ300005,0,5,2,-4
SZ300006,1,2,2,5
SZ300007,0,-7,-7,-1
SZ300008,-6,3,5,1
SZ300009,3,2,3,-1
SZ300010,0,2,-1,0
SZ300011,1,3,1,-1
SZ300012,1,-4,-8,-4
SZ300013,0,6,2,0
SZ300014,3,-1,-2,1
SZ300015,-1,-4,7,2
SZ300016,0,-1,-7,-5
SZ300017,-4,3,1,1
SZ300018,0,-2,0,3
SZ300019,0,6,2,1
SZ300020,1,-2,-2,2
SZ300021,1,6,2,-2
SZ300022,0,6,0,0
SZ300023,0,-1,2,-1
SZ300024,-3,3,-1,0
SZ300026,1,10,4,2
SZ300027,1,-6,-7,-1
SZ300028,-1,5,3,-2
SZ300029,0,2,9,3
SZ300030,1,6,2,0
SZ300031,0,0,-7,-1
SZ300032,0,7,3,1
SZ300033,1,6,1,-1
SZ300034,-1,-8,-8,0
SZ300035,0,0,-1,4
SZ300036,-1,-5,-6,-3
SZ300037,1,-3,-5,2
SZ300038,-1,1,2,2
SZ300039,1,4,3,1
SZ300040,0,0,8,-1
SZ300041,-1,2,12,4
SZ300042,-2,-2,-4,-3
SZ300043,1,7,3,2
SZ300044,0,0,0,0
SZ300045,0,-3,-2,-1
SZ300046,0,6,-1,3
SZ300047,0,1,2,3
SZ300048,-2,10,1,2
SZ300049,0,-2,-2,-1
SZ300050,0,1,-4,2
SZ300052,1,2,1,2
SZ300053,-1,-2,0,1
SZ300054,-2,-6,-3,-2
SZ300055,5,6,-5,2
SZ300056,2,-1,5,-1
SZ300058,0,-7,0,3
SZ300059,2,-5,-1,-1
SZ300061,0,-2,5,-1
SZ300062,0,0,5,-2
SZ300063,1,4,2,-2
SZ300064,-1,-8,0,-1
SZ300066,0,4,7,-6
SZ300067,0,3,0,1
SZ300069,0,2,1,-5
SZ300070,7,1,0,0
SZ300071,0,-2,9,-3
SZ300072,2,5,-1,-1
SZ300073,2,3,1,0
SZ300074,0,-4,-1,2
SZ300075,0,0,0,0
SZ300076,0,-1,-1,1
SZ300077,-1,5,-1,3
SZ300078,5,0,-3,2
SZ300079,0,-4,3,-4
SZ300080,0,-3,-2,-2
SZ300081,0,0,0,0
SZ300083,2,-1,-3,-2
SZ300084,1,-3,-3,0
SZ300085,0,2,-2,1
SZ300086,0,2,-1,5
SZ300087,0,8,5,-8
SZ300089,0,5,-9,0
SZ300090,1,-5,-1,2
SZ300091,0,6,-3,1
SZ300092,1,1,-1,1
SZ300093,1,-2,4,0
SZ300094,1,2,4,0
SZ300095,0,7,5,4
SZ300096,8,1,-7,-1
SZ300097,0,-1,4,-3
SZ300098,-1,-6,-7,0
SZ300099,-3,-7,0,-1
SZ300101,1,1,-1,2
SZ300102,0,8,1,0
SZ300103,-1,-6,0,-3
SZ300104,4,0,0,-1
SZ300105,0,-1,-2,0
SZ300106,0,-4,-5,-1
SZ300107,0,0,0,0
SZ300108,0,2,-4,0
SZ300110,0,7,1,0
SZ300111,0,8,10,8
SZ300112,0,7,-4,-6
SZ300113,2,0,4,0
SZ300114,1,-1,-1,0
SZ300115,1,-2,-4,-1
SZ300116,2,2,4,3
SZ300117,0,0,0,0
SZ300118,-1,-3,4,2
SZ300119,0,-3,0,-5
SZ300120,1,0,2,3
SZ300121,0,1,12,-2
SZ300122,-3,-2,-4,1
SZ300123,0,-7,3,-1
SZ300124,0,4,-4,1
SZ300125,0,0,11,-1
SZ300126,0,5,4,-2
SZ300127,-1,-2,8,0
SZ300128,2,5,6,1
SZ300129,0,1,1,0
SZ300130,-1,-1,1,-3
SZ300131,0,13,0,4
SZ300132,0,2,6,-2
SZ300133,-1,1,7,-2
SZ300135,-2,-3,0,2
SZ300136,6,-1,2,-1
SZ300137,0,0,0,0
SZ300138,0,-1,-1,2
SZ300139,-4,-2,-8,-3
SZ300140,0,2,-1,2
SZ300141,0,-1,4,-1
SZ300142,1,-2,-3,1
SZ300143,0,1,-5,-1
SZ300144,3,3,1,0
SZ300145,-2,3,5,0
SZ300146,-1,2,3,4
SZ300147,1,2,-3,-1
SZ300150,0,-2,-1,-4
SZ300151,2,-3,4,0
SZ300152,0,0,2,4
SZ300153,0,-1,-1,3
SZ300154,0,0,-3,-1
SZ300155,0,-3,1,4
SZ300156,2,-5,-1,1
SZ300157,2,2,7,0
SZ300158,0,-2,-1,1
SZ300159,-4,1,-2,0
SZ300160,0,3,6,0
SZ300161,-2,1,-2,-1
SZ300162,0,2,3,4
SZ300163,0,0,-2,0
SZ300164,-1,1,8,0
SZ300165,-1,-4,0,3
SZ300166,0,2,-3,-2
SZ300167,1,3,2,-4
SZ300168,-1,-4,1,5
SZ300169,0,11,7,5
SZ300170,0,3,-6,1
SZ300171,0,3,1,7
SZ300172,1,1,-1,0
SZ300173,0,-1,3,5
SZ300174,0,-1,-2,3
SZ300175,0,2,-1,0
SZ300176,2,1,2,-1
SZ300177,0,4,1,1
SZ300178,-1,2,-1,0
SZ300179,0,3,7,-1
SZ300180,0,-1,2,-1
SZ300181,0,1,6,-2
SZ300182,0,-3,-10,-2
SZ300183,0,-2,7,-1
SZ300184,0,3,-2,5
SZ300185,1,-1,1,2
SZ300187,1,7,1,-2
SZ300188,-1,3,7,-1
SZ300189,0,4,-2,-1
SZ300190,0,-1,1,0
SZ300191,1,1,1,-2
SZ300193,0,3,5,5
SZ300194,2,0,1,-2
SZ300195,0,-1,3,11
SZ300196,-1,-6,0,-1
SZ300197,0,0,0,0
SZ300198,3,1,3,0
SZ300199,0,-3,1,1
SZ300200,0,2,7,3
SZ300202,-2,-2,2,0
SZ300203,8,12,-1,-1
SZ300204,0,-1,4,-1
SZ300205,0,-1,6,3
SZ300206,0,-2,-1,-1
SZ300207,0,-2,-1,-2
SZ300208,-1,10,-2,4
SZ300210,1,0,-7,-2
SZ300211,0,1,5,2
SZ300213,0,3,2,3
SZ300214,0,1,5,6
SZ300215,1,1,7,0
SZ300216,0,5,5,-2
SZ300217,0,-5,-9,-11
SZ300218,0,0,-5,-2
SZ300219,1,4,3,3
SZ300220,0,3,13,3
SZ300221,0,4,-2,-3
SZ300222,4,-2,-3,1
SZ300224,0,-1,6,8
SZ300225,0,-1,1,-3
SZ300226,0,-2,0,0
SZ300227,0,-5,-8,3
SZ300228,2,2,1,0
SZ300229,0,0,0,-2
SZ300230,1,1,-1,3
SZ300231,-2,-1,-2,1
SZ300232,0,10,0,1
SZ300233,0,-1,-1,-3
SZ300234,0,2,0,6
SZ300236,-1,-3,-5,-4
SZ300237,6,4,0,1
SZ300238,7,6,1,-2
SZ300239,0,4,-2,1
SZ300240,0,0,1,-3
SZ300241,-1,2,7,3
SZ300242,0,7,4,4
SZ300243,0,2,1,1
SZ300244,-2,-6,2,0
SZ300245,0,3,4,-1
SZ300246,0,-2,3,2
SZ300247,0,2,10,-2
SZ300248,0,-2,-3,3
SZ300249,0,-3,-3,6
SZ300250,0,9,7,-2
SZ300251,1,-1,-1,0
SZ300252,0,4,-1,0
SZ300253,0,-1,0,-1
SZ300254,0,0,-9,-1
SZ300255,5,5,3,0
SZ300256,1,0,-1,3
SZ300257,5,0,4,4
SZ300258,2,4,1,-2
SZ300259,0,-2,-7,-4
SZ300260,0,-1,-3,3
SZ300261,0,0,4,8
SZ300262,0,-3,3,1
SZ300263,0,-2,7,1
SZ300264,0,3,8,3
SZ300265,0,0,-3,-7
SZ300267,0,0,-5,-2
SZ300269,-1,-1,2,-3
SZ300270,0,0,-3,-5
SZ300272,0,1,3,-5
SZ300273,0,2,2,-1
SZ300274,0,1,13,0
SZ300275,1,8,-1,0
SZ300276,-1,0,1,1
SZ300277,0,0,-1,-3
SZ300278,-1,-1,-4,-2
SZ300279,0,-2,-1,1
SZ300280,0,0,-3,0
SZ300281,0,-3,7,3
SZ300282,1,4,5,-1
SZ300283,0,1,-1,4
SZ300284,0,3,1,3
SZ300285,-1,-4,-12,-3
SZ300286,-1,3,4,-1
SZ300287,-1,-1,-1,2
SZ300288,2,5,-1,1
SZ300289,0,-1,-7,-3
SZ300290,0,2,5,-2
SZ300291,1,-2,2,-3
SZ300292,0,-4,1,1
SZ300293,0,0,1,-7
SZ300294,0,-1,-7,-1
SZ300295,1,1,-2,2
SZ300296,0,-11,1,-2
SZ300297,0,-1,-8,-1
SZ300298,0,-1,-1,5
SZ300299,4,3,2,0
SZ300300,0,-3,0,0
SZ300301,0,3,3,4
SZ300302,0,3,9,0
SZ300303,1,2,3,1
SZ300304,-2,-2,0,1
SZ300305,0,2,-1,2
SZ300306,1,7,9,-1
SZ300307,0,-2,3,2
SZ300308,1,15,1,1
SZ300310,0,6,-2,-1
SZ300311,4,8,-2,-1
SZ300312,-1,-4,1,3
SZ300313,0,8,3,-6
SZ300314,0,0,-3,-1
SZ300316,0,3,-2,1
SZ300317,-1,-5,1,-4
SZ300318,0,0,10,3
SZ300319,3,0,-4,1
SZ300321,0,3,10,9
SZ300323,2,4,-3,-3
SZ300324,0,-1,-2,-3
SZ300325,1,0,1,-1
SZ300326,0,1,7,-2
SZ300327,0,5,5,2
SZ300328,0,-1,-6,-5
SZ300329,0,3,-2,1
SZ300330,0,2,11,-1
SZ300331,2,-5,-1,1
SZ300332,1,-5,3,0
SZ300333,0,0,0,1
SZ300335,0,1,4,1
SZ300336,0,2,0,-6
SZ300337,0,-3,2,-3
SZ300338,0,-4,-2,-3
SZ300339,0,-2,9,1
SZ300340,-2,1,-3,-3
SZ300341,0,0,3,-10
SZ300342,4,0,-4,-1
SZ300343,1,1,1,0
SZ300344,0,0,0,0
SZ300345,0,5,1,-5
SZ300346,0,-6,-3,-4
SZ300347,-2,-2,1,-3
SZ300348,1,0,-3,-1
SZ300349,1,-1,-3,2
SZ300350,0,4,5,2
SZ300351,0,4,5,-3
SZ300352,-2,0,-9,0
SZ300353,0,-7,-10,2
SZ300354,0,1,-1,5
SZ300355,8,1,-1,0
SZ300356,1,4,0,3
SZ300357,0,-3,-15,2
SZ300358,0,1,1,-7
SZ300359,1,0,-2,-2
SZ300360,0,0,1,-1
SZ300362,1,3,2,0
SZ300363,0,1,4,10
SZ300365,0,-10,-8,-1
SZ300366,1,3,4,-1
SZ300368,0,0,0,0
SZ300369,2,-2,0,2
SZ300370,0,2,3,-3
SZ300371,0,0,0,0
SZ300373,1,5,1,3
SZ300374,0,0,0,0
SZ300375,0,3,-7,-3
SZ300376,2,-1,-2,0
SZ300377,0,-3,-1,-1
SZ300378,0,-1,-6,1
SZ300379,-2,-3,-2,-1
SZ300380,0,0,-3,1
SZ300381,0,1,-2,2
SZ300382,0,-2,-1,0
SZ300383,1,1,-2,-1
SZ300384,0,-1,-1,10
SZ300385,-1,-1,-4,0
SZ300386,1,2,-3,3
SZ300387,0,-4,0,1
SZ300388,0,0,2,-3
SZ300389,0,2,2,-2
SZ300390,0,0,-3,1
SZ300391,0,-3,3,2
SZ300393,0,5,4,-5
SZ300394,0,1,0,6
SZ300395,0,2,2,-2
SZ300396,0,1,-12,-3
SZ300397,-1,-5,2,-3
SZ300398,-4,1,1,-1
SZ300399,0,-3,2,4
SZ300400,0,0,-2,6
SZ300401,-1,7,2,2
SZ300402,0,-4,3,-2
SZ300403,0,-2,-7,2
SZ300404,0,4,1,-3
SZ300405,0,5,1,2
SZ300406,0,0,4,2
SZ300407,1,-4,3,9
SZ300408,5,7,-2,3
SZ300409,0,5,4,0
SZ300410,1,-1,2,6
SZ300411,-1,2,3,-6
SZ300412,0,1,8,5
SZ300414,0,2,7,3
SZ300415,1,6,3,-7
SZ300416,0,-2,-1,0
SZ300417,2,-5,-4,1
SZ300418,-1,-10,0,-2
SZ300419,0,-3,1,4
SZ300420,-3,-4,-4,-2
SZ300421,0,1,2,2
SZ300422,1,6,1,0
SZ300424,-1,-2,-1,-1
SZ300425,0,7,-2,0
SZ300426,-2,-14,1,-4
SZ300427,-1,-3,4,-1
SZ300428,0,0,0,0
SZ300429,0,-1,2,-2
SZ300430,2,-1,2,-4
SZ300431,0,-8,0,1
SZ300432,1,-5,2,-1
SZ300433,3,0,0,1
SZ300434,0,2,-2,0
SZ300435,0,0,-1,5
SZ300436,0,5,-4,-3
SZ300437,0,2,14,6
SZ300438,0,7,2,0
SZ300439,0,-1,-2,-4
SZ300441,0,2,3,-1
SZ300442,0,1,4,3
SZ300443,0,-6,3,1
SZ300444,0,6,0,-1
SZ300445,0,-2,-3,3
SZ300446,0,0,0,0
SZ300447,1,6,5,1
SZ300448,0,2,0,4
SZ300449,0,2,5,2
SZ300450,3,0,-4,0
SZ300451,0,4,-7,-4
SZ300452,0,-1,-7,1
SZ300453,0,3,1,0
SZ300455,0,-1,-2,1
SZ300456,0,-3,0,6
SZ300457,2,7,-1,-1
SZ300458,0,7,0,-2
SZ300459,1,-2,2,-2
SZ300460,1,8,6,-4
SZ300461,1,6,3,-2
SZ300462,-1,3,2,2
SZ300463,0,-1,-3,2
SZ300464,0,1,2,10
SZ300466,2,-5,-3,2
SZ300468,0,0,1,0
SZ300470,0,2,3,6
SZ300471,1,-5,-4,1
SZ300473,0,-1,1,-2
SZ300474,0,3,6,-1
SZ300476,2,3,-4,0
SZ300477,0,0,4,1
SZ300480,0,4,-1,-1
SZ300481,1,2,2,4
SZ300482,1,5,2,-2
SZ300483,0,-2,9,5
SZ300484,0,10,5,0
SZ300485,0,0,6,-6
SZ300487,1,-2,0,1
SZ300488,1,-1,-4,-1
SZ300489,0,0,-4,1
SZ300491,0,0,0,0
SZ300492,0,3,-3,2
SZ300493,0,-1,-5,3
SZ300494,-2,-1,6,5
SZ300495,3,6,0,1
SZ300496,0,-7,-4,0
SZ300497,-1,7,2,-2
SZ300498,-2,0,-3,2
SZ300499,0,2,12,-2
SZ300500,0,3,8,-1
SZ300501,0,-1,-5,0
SZ300502,0,3,7,1
SZ300503,-1,-4,4,-2
SZ300505,0,2,-2,-3
SZ300506,-1,-2,-4,-4
SZ300507,-2,1,-3,0
SZ300508,0,4,5,3
SZ300509,0,1,0,6
SZ300511,0,3,1,-1
SZ300512,0,5,-6,4
SZ300513,0,7,2,-3
SZ300515,-2,11,3,-3
SZ300516,1,7,1,-2
SZ300517,0,-5,-4,2
SZ300519,0,1,-1,0
SZ300520,-1,-6,10,2
SZ300521,0,8,3,3
SZ300522,0,0,-6,-2
SZ300523,1,1,2,1
SZ300525,0,2,8,7
SZ300527,0,6,10,-4
SZ300528,0,-1,5,-1
SZ300529,0,5,-3,2
SZ300530,0,3,3,5
SZ300531,1,-5,3,1
SZ300532,0,8,0,-4
SZ300533,-1,0,0,-1
SZ300534,0,-3,-2,0
SZ300535,1,-5,1,3
SZ300536,0,0,6,3
SZ300537,1,0,0,1
SZ300538,0,5,0,-3
SZ300539,-4,-4,1,1
SZ300540,0,3,2,1
SZ300541,0,-1,-3,2
SZ300542,0,1,1,7
SZ300545,-1,4,-4,-4
SZ300546,0,2,10,4
SZ300547,-1,-5,-2,1
SZ300548,1,1,1,-2
SZ300549,0,6,6,0
SZ300550,-1,4,8,0
SZ300551,0,3,3,3
SZ300552,1,-4,3,4
SZ300553,0,3,0,1
SZ300555,0,4,-2,6
SZ300556,1,-1,0,-6
SZ300557,-1,-2,0,4
SZ300558,0,2,3,4
SZ300559,0,1,5,3
SZ300560,0,2,1,-3
SZ300561,0,5,6,0
SZ300562,-2,-1,-1,-1
SZ300563,1,8,-4,-2
SZ300565,0,1,-2,-4
SZ300566,2,6,3,1
SZ300567,0,2,9,3
SZ300568,2,1,3,-2
SZ300569,-2,5,-1,-3
SZ300570,0,5,-3,1
SZ300571,3,-1,-2,2
SZ300572,0,0,-3,-3
SZ300573,1,5,0,4
SZ300575,1,3,7,2
SZ300576,0,2,-12,1
SZ300577,0,1,2,7
SZ300578,0,2,-6,-1
SZ300579,1,4,0,1
SZ300580,0,0,-1,3
SZ300581,1,-3,-1,5
SZ300582,0,3,-2,-1
SZ300583,0,-1,-2,1
SZ300584,0,0,2,-1
SZ300585,4,-3,5,-1
SZ300586,2,0,4,5
SZ300587,1,0,1,-1
SZ300588,0,-7,1,-1
SZ300589,-1,1,4,-1
SZ300590,-2,1,5,-4
SZ300591,-1,-2,1,1
SZ300592,-2,-1,1,3
SZ300593,-6,-2,-6,0
SZ300595,1,0,-1,-5
SZ300596,0,2,2,1
SZ300597,0,5,0,4
SZ300598,1,4,1,2
SZ300599,0,3,1,1
SZ300600,2,-5,-2,-1
SZ300601,-1,3,1,4
SZ300602,0,0,1,-1
SZ300603,0,2,0,1
SZ300605,0,-1,0,3
SZ300606,-1,-4,0,2
SZ300607,0,0,0,3
SZ300608,0,1,2,4
SZ300609,-1,2,5,1
SZ300610,-4,-4,-1,-1
SZ300611,-1,1,-1,1
SZ300612,3,6,0,3
SZ300613,-4,0,-1,1
SZ300615,-2,-1,-3,-1
SZ300616,3,2,-2,3
SZ300617,2,-5,-5,3
SZ300618,-8,1,1,-1
SZ300619,-1,1,2,0
SZ300620,0,5,3,2
SZ300621,-3,-5,0,1
SZ300622,-1,-3,-2,-1
SZ300623,2,-9,-1,-1
SZ300625,3,2,-1,-1
SZ300626,0,0,0,0
SZ300627,0,0,0,0
SZ300628,6,-4,-1,0
SZ300629,0,0,0,0
SZ300630,0,0,0,0
SZ300631,0,0,0,0
SZ300635,0,0,0,0
SZ300636,0,0,0,0
